{"vs/base/common/codicons":["下拉按钮的图标。"],"vs/base/common/date":["{0} 后","现在","{0} 秒前","{0} 秒前","{0} 秒","{0} 秒","{0} 分钟前","{0} 分钟前","{0} 分钟","{0} 分钟","{0} 小时前","{0} 小时前","{0} 小时","{0} 小时","{0} 天前","{0} 天前","{0} 天","{0} 天","{0} 周前","{0} 周前","{0} 周","{0} 周","{0} 个月前","{0} 个月前","{0} 个月","{0} 个月","{0} 年前","{0} 年前","{0} 年","{0} 年"],"vs/base/common/errorMessage":["{0}: {1}","发生了系统错误 ({0})","出现未知错误。有关详细信息，请参阅日志。","出现未知错误。有关详细信息，请参阅日志。","{0} 个(共 {1} 个错误)","出现未知错误。有关详细信息，请参阅日志。"],"vs/base/node/processes":["无法在 UNC 驱动器上执行 Shell 命令。"],"vs/editor/common/config/editorOptions":["编辑器将使用平台 API 以检测是否附加了屏幕阅读器。","编辑器将针对与屏幕阅读器搭配使用进行永久优化。将禁用自动换行。","编辑器将不再对屏幕阅读器的使用进行优化。","控制编辑器是否应在对屏幕阅读器进行了优化的模式下运行。设置为“开”将禁用自动换行。","控制在注释时是否插入空格字符。","控制在对行注释执行切换、添加或删除操作时，是否应忽略空行。","控制在没有选择内容时进行复制是否复制当前行。","控制在键入时光标是否应跳转以查找匹配项。","控制是否将编辑器选中内容作为搜索词填入到查找小组件中。","切勿自动打开“选择中查找”(默认)","始终自动打开“在选择中查找”","选择多行内容时，自动打开“在选择中查找”。","控制在所选内容中自动开启查找的条件。","控制“查找”小组件是否读取或修改 macOS 的共享查找剪贴板。","控制 \"查找小部件\" 是否应在编辑器顶部添加额外的行。如果为 true, 则可以在 \"查找小工具\" 可见时滚动到第一行之外。","控制在找不到其他匹配项时，是否自动从开头(或结尾)重新开始搜索。","启用/禁用字体连字(\"calt\" 和 \"liga\" 字体特性)。将此更改为字符串，可对 \"font-feature-settings\" CSS 属性进行精细控制。","显式 \"font-feature-settings\" CSS 属性。如果只需打开/关闭连字，可以改为传递布尔值。","配置字体连字或字体特性。可以是用于启用/禁用连字的布尔值，或用于设置 CSS \"font-feature-settings\" 属性值的字符串。","控制字体大小(像素)。","仅允许使用关键字“正常”和“加粗”，或使用介于 1 至 1000 之间的数字。","控制字体粗细。接受关键字“正常”和“加粗”，或者接受介于 1 至 1000 之间的数字。","显示结果的预览视图 (默认值)","转到主结果并显示预览视图","转到主结果，并对其他人启用防偷窥导航","此设置已弃用，请改用单独的设置，如\"editor.editor.gotoLocation.multipleDefinitions\"或\"editor.editor.gotoLocation.multipleImplementations\"。","控制存在多个目标位置时\"转到定义\"命令的行为。","控制存在多个目标位置时\"转到类型定义\"命令的行为。","控制存在多个目标位置时\"转到声明\"命令的行为。","控制存在多个目标位置时\"转到实现\"命令的行为。","控制存在多个目标位置时\"转到引用\"命令的行为。","当\"转到定义\"的结果为当前位置时将要执行的替代命令的 ID。","当\"转到类型定义\"的结果是当前位置时正在执行的备用命令 ID。","当\"转到声明\"的结果为当前位置时将要执行的替代命令的 ID。","当\"转到实现\"的结果为当前位置时将要执行的替代命令的 ID。","当\"转到引用\"的结果是当前位置时正在执行的替代命令 ID。","控制是否显示悬停提示。","控制显示悬停提示前的等待时间 (毫秒)。","控制当鼠标移动到悬停提示上时，其是否保持可见。","在编辑器中启用代码操作小灯泡提示。","控制行高。为 0 时则通过字体大小自动计算。","控制是否显示缩略图。","迷你地图的大小与编辑器内容相同(并且可能滚动)。","迷你地图将根据需要拉伸或缩小以填充编辑器的高度(不滚动)。","迷你地图将根据需要缩小，永远不会大于编辑器(不滚动)。","控制迷你地图的大小。","控制在哪一侧显示缩略图。","控制何时显示迷你地图滑块。","在迷你地图中绘制的内容比例: 1、2 或 3。","渲染每行的实际字符，而不是色块。","限制缩略图的宽度，控制其最多显示的列数。","控制编辑器的顶边和第一行之间的间距量。","控制编辑器的底边和最后一行之间的间距量。","在输入时显示含有参数文档和类型信息的小面板。","控制参数提示菜单在到达列表末尾时进行循环还是关闭。","在字符串内启用快速建议。","在注释内启用快速建议。","在字符串和注释外启用快速建议。","控制是否在键入时自动显示建议。","不显示行号。","将行号显示为绝对行数。","将行号显示为与光标相隔的行数。","每 10 行显示一次行号。","控制行号的显示。","此编辑器标尺将渲染的等宽字符数。","此编辑器标尺的颜色。","在一定数量的等宽字符后显示垂直标尺。输入多个值，显示多个标尺。若数组为空，则不绘制标尺。","插入建议而不覆盖光标右侧的文本。","插入建议并覆盖光标右侧的文本。","控制接受补全时是否覆盖单词。请注意，这取决于扩展选择使用此功能。","控制对建议的筛选和排序是否考虑小的拼写错误。","控制排序时是否提高靠近光标的词语的优先级。","控制是否在多个工作区和窗口间共享记忆的建议选项(需要 `#editor.suggestSelection#`)。","控制活动代码段是否阻止快速建议。","控制是否在建议中显示或隐藏图标。","控制建议小部件底部的状态栏的可见性。","控制建议详细信息是随标签一起显示还是仅显示在详细信息小组件中","此设置已弃用。现在可以调整建议小组件的大小。","此设置已弃用，请改用单独的设置，如\"editor.suggest.showKeywords\"或\"editor.suggest.showSnippets\"。","启用后，IntelliSense 将显示“方法”建议。","启用后，IntelliSense 将显示“函数”建议。","启用后，IntelliSense 将显示“构造函数”建议。","启用后，IntelliSense 将显示“字段”建议。","启用后，IntelliSense 将显示“变量”建议。","启用后，IntelliSense 将显示“类”建议。","启用后，IntelliSense 将显示“结构”建议。","启用后，IntelliSense 将显示“接口”建议。","启用后，IntelliSense 将显示“模块”建议。","启用后，IntelliSense 将显示“属性”建议。","启用后，IntelliSense 将显示“事件”建议。","启用后，IntelliSense 将显示“操作符”建议。","启用后，IntelliSense 将显示“单位”建议。","启用后，IntelliSense 将显示“值”建议。","启用后，IntelliSense 将显示“常量”建议。","启用后，IntelliSense 将显示“枚举”建议。","启用后，IntelliSense 将显示 \"enumMember\" 建议。","启用后，IntelliSense 将显示“关键字”建议。","启用后，IntelliSense 将显示“文本”建议。","启用后，IntelliSense 将显示“颜色”建议。","启用后，IntelliSense 将显示“文件”建议。","启用后，IntelliSense 将显示“参考”建议。","启用后，IntelliSense 将显示“自定义颜色”建议。","启用后，IntelliSense 将显示“文件夹”建议。","启用后，IntelliSense 将显示 \"typeParameter\" 建议。","启用后，IntelliSense 将显示“片段”建议。","启用后，IntelliSense 将显示\"用户\"建议。","启用后，IntelliSense 将显示\"问题\"建议。","是否应始终选择前导和尾随空格。","控制是否应在遇到提交字符时接受建议。例如，在 JavaScript 中，半角分号 (`;`) 可以为提交字符，能够在接受建议的同时键入该字符。","仅当建议包含文本改动时才可使用 `Enter` 键进行接受。","控制除了 `Tab` 键以外， `Enter` 键是否同样可以接受建议。这能减少“插入新行”和“接受建议”命令之间的歧义。","控制编辑器中可由屏幕阅读器读取的行数。警告: 对于大于默认值的数字，这会影响性能。","编辑器内容","使用语言配置确定何时自动闭合括号。","仅当光标位于空白字符左侧时，才自动闭合括号。","控制编辑器是否在左括号后自动插入右括号。","仅在自动插入时才改写右引号或右括号。","控制编辑器是否应改写右引号或右括号。","使用语言配置确定何时自动闭合引号。","仅当光标位于空白字符左侧时，才自动闭合引号。","控制编辑器是否在左引号后自动插入右引号。","编辑器不会自动插入缩进。","编辑器将保留当前行的缩进。","编辑器将保留当前行的缩进并遵循语言定义的括号。","编辑器将保留当前行的缩进、使用语言定义的括号并调用语言定义的特定 onEnterRules。","编辑器将保留当前行的缩进，使用语言定义的括号，调用由语言定义的特殊输入规则，并遵循由语言定义的缩进规则。","控制编辑器是否应在用户键入、粘贴、移动或缩进行时自动调整缩进。","使用语言配置确定何时自动包住所选内容。","使用引号而非括号来包住所选内容。","使用括号而非引号来包住所选内容。","控制在键入引号或方括号时，编辑器是否应自动将所选内容括起来。","在使用空格进行缩进时模拟制表符的选择行为。所选内容将始终使用制表符停止位。","控制是否在编辑器中显示 CodeLens。","控制 CodeLens 的字体系列。","控制 CodeLens 的字体大小(像素)。设置为 `0` 时，将使用 `#editor.fontSize#` 的 90%。","控制编辑器是否显示内联颜色修饰器和颜色选取器。","启用使用鼠标和键进行列选择。","控制在复制时是否同时复制语法高亮。","控制光标的动画样式。","控制是否启用平滑插入动画。","控制光标样式。","控制光标周围可见的前置行和尾随行的最小数目。在其他一些编辑器中称为 \"scrollOff\" 或 \"scrollOffset\"。","仅当通过键盘或 API 触发时，才会强制执行\"光标环绕行\"。","始终强制执行 \"cursorSurroundingLines\"","控制何时应强制执行\"光标环绕行\"。","当 `#editor.cursorStyle#` 设置为 `line` 时，控制光标的宽度。","控制在编辑器中是否允许通过拖放来移动选中内容。","按下\"Alt\"时滚动速度倍增。","控制编辑器是否启用了代码折叠。","使用特定于语言的折叠策略(如果可用)，否则使用基于缩进的策略。","使用基于缩进的折叠策略。","控制计算折叠范围的策略。","控制编辑器是否应突出显示折叠范围。","控制单击已折叠的行后面的空内容是否会展开该行。","控制字体系列。","控制编辑器是否自动格式化粘贴的内容。格式化程序必须可用，并且能针对文档中的某一范围进行格式化。","控制编辑器在键入一行后是否自动格式化该行。","控制编辑器是否应呈现垂直字形边距。字形边距最常用于调试。","控制是否在概览标尺中隐藏光标。","控制是否突出显示编辑器中活动的缩进参考线。","控制字母间距(像素)。","控制编辑器是否已启用链接编辑。相关符号(如 HTML 标记)在编辑时进行更新，具体由语言而定。","控制是否在编辑器中检测链接并使其可被点击。","突出显示匹配的括号。","对鼠标滚轮滚动事件的 `deltaX` 和 `deltaY` 乘上的系数。","按住 `Ctrl` 键并滚动鼠标滚轮时对编辑器字体大小进行缩放。","当多个光标重叠时进行合并。","映射为 `Ctrl` (Windows 和 Linux) 或 `Command` (macOS)。","映射为 `Alt` (Windows 和 Linux) 或 `Option` (macOS)。","在通过鼠标添加多个光标时使用的修改键。“转到定义”和“打开链接”功能所需的鼠标动作将会相应调整，不与多光标修改键冲突。[阅读详细信息](https://code.visualstudio.com/docs/editor/codebasics#_multicursor-modifier)。","每个光标粘贴一行文本。","每个光标粘贴全文。","控制粘贴时粘贴文本的行计数与光标计数相匹配。","控制编辑器是否突出显示语义符号的匹配项。","控制是否在概览标尺周围绘制边框。","打开速览时聚焦树","打开预览时将焦点放在编辑器上","控制是将焦点放在内联编辑器上还是放在预览小部件中的树上。","控制\"转到定义\"鼠标手势是否始终打开预览小部件。","控制显示快速建议前的等待时间 (毫秒)。","控制是否在编辑器中输入时自动重命名。","已弃用，请改用 \"editor.linkedEditing\"。","控制编辑器是否显示控制字符。","控制编辑器是否显示缩进参考线。","当文件以换行符结束时, 呈现最后一行的行号。","同时突出显示导航线和当前行。","控制编辑器的当前行进行高亮显示的方式。","控制编辑器是否仅在焦点在编辑器时突出显示当前行","呈现空格字符(字词之间的单个空格除外)。","仅在选定文本上呈现空白字符。","仅呈现尾随空格字符","控制编辑器在空白字符上显示符号的方式。","控制选区是否有圆角。","控制编辑器水平滚动时可以超过范围的字符数。","控制编辑器是否可以滚动到最后一行之后。","同时垂直和水平滚动时，仅沿主轴滚动。在触控板上垂直滚动时，可防止水平漂移。","控制是否支持 Linux 主剪贴板。","控制编辑器是否应突出显示与所选内容类似的匹配项。","始终显示折叠控件。","仅在鼠标位于装订线上方时显示折叠控件。","控制何时显示行号槽上的折叠控件。","控制是否淡化未使用的代码。","控制加删除线被弃用的变量。","在其他建议上方显示代码片段建议。","在其他建议下方显示代码片段建议。","在其他建议中穿插显示代码片段建议。","不显示代码片段建议。","控制代码片段是否与其他建议一起显示及其排列的位置。","控制编辑器是否在滚动时使用动画。","建议小部件的字号。如果设置为 `0`，则使用 `#editor.fontSize#` 的值。","建议小部件的行高。如果设置为 `0`，则使用 `#editor.lineHeight#` 的值。最小值为 8。","控制在键入触发字符后是否自动显示建议。","始终选择第一个建议。","选择最近的建议，除非进一步键入选择其他项。例如 `console. -> console.log`，因为最近补全过 `log`。","根据之前补全过的建议的前缀来进行选择。例如，`co -> console`、`con -> const`。","控制在建议列表中如何预先选择建议。","在按下 Tab 键时进行 Tab 补全，将插入最佳匹配建议。","禁用 Tab 补全。","在前缀匹配时进行 Tab 补全。在 \"quickSuggestions\" 未启用时体验最好。","启用 Tab 补全。","自动删除异常的行终止符。","忽略异常的行终止符。","提示删除异常的行终止符。","删除可能导致问题的异常行终止符。","根据制表位插入和删除空格。","执行单词相关的导航或操作时作为单词分隔符的字符。","永不换行。","将在视区宽度处换行。","在 `#editor.wordWrapColumn#` 处折行。","在视区宽度和 `#editor.wordWrapColumn#` 中的较小值处折行。","控制折行的方式。","在 `#editor.wordWrap#` 为 `wordWrapColumn` 或 `bounded` 时，控制编辑器的折行列。","没有缩进。折行从第 1 列开始。","折行的缩进量与其父级相同。","折行的缩进量比其父级多 1。","折行的缩进量比其父级多 2。","控制折行的缩进。","假定所有字符的宽度相同。这是一种快速算法，适用于等宽字体和某些字形宽度相等的文字(如拉丁字符)。","将包装点计算委托给浏览器。这是一个缓慢算法，可能会导致大型文件被冻结，但它在所有情况下都正常工作。","控制计算包裹点的算法。"],"vs/platform/configuration/common/configurationRegistry":["默认语言配置替代","配置要为 {0} 语言替代的设置。","针对某种语言，配置替代编辑器设置。","此设置不支持按语言配置。","无法注册空属性","无法注册“{0}”。其符合描述特定语言编辑器设置的表达式 \"\\\\[.*\\\\]$\"。请使用 \"configurationDefaults\"。","无法注册“{0}”。此属性已注册。"],"vs/platform/extensionManagement/common/extensionManagement":["扩展","首选项"],"vs/platform/files/common/files":["未知错误","{0} B","{0} KB","{0} MB","{0} GB","{0} TB"],"vs/platform/markers/common/markers":["错误","警告","信息"],"vs/platform/theme/common/iconRegistry":["要使用的字体的 ID。如果未设置，则使用最先定义的字体。","与图标定义关联的字体字符。","小组件中“关闭”操作的图标。","“转到上一个编辑器位置”图标。","“转到下一个编辑器位置”图标。"],"vs/platform/workspaces/common/workspaces":["Code 工作区"],"vs/workbench/api/common/extHost.api.impl":["{0} (扩展)"],"vs/workbench/api/common/extHostDiagnostics":["未显示 {0} 个进一步的错误和警告。"],"vs/workbench/api/common/extHostExtensionActivator":["无法激活扩展“{0}”，因为它依赖于未能激活的扩展“{1}”。","激活扩展“{0}”失败: {1}。"],"vs/workbench/api/common/extHostExtensionService":["路径 {0} 未指向有效的扩展测试运行程序。"],"vs/workbench/api/common/extHostProgress":["{0} (扩展)"],"vs/workbench/api/common/extHostStatusBar":["扩展状态"],"vs/workbench/api/common/extHostTerminalService":["在扩展主机上找不到 ID 为 {0} 的终端"],"vs/workbench/api/common/extHostTreeViews":["未注册 ID 为 \"{0}\" 的树状视图。","未注册 ID 为 \"{0}\" 的树状视图。","未注册 ID 为 \"{0}\" 的树状视图。","未注册 ID 为 \"{0}\" 的树状视图。","未注册 ID 为 \"{0}\" 的树状视图。","未注册 ID 为 \"{0}\" 的树状视图。","ID 为 {0} 的元素已被注册"],"vs/workbench/api/common/extHostWorkspace":["扩展“{0}”未能更新工作区文件夹: {1}"],"vs/workbench/api/node/extHostDebugService":["调试对象"],"vs/workbench/common/views":["查看测试视图的图标。","默认视图图标。","已注册 ID 为“{0}”的视图"],"vs/workbench/contrib/debug/common/abstractDebugAdapter":["对于“{1}”，{0} 毫秒后超时 "],"vs/workbench/contrib/debug/node/debugAdapter":["调试适配器可执行的“{0}”不存在。","无法确定调试适配器“{0}”的可执行文件。","无法从“{0}”启动调试适配器。","无法启动调试适配器。"],"vs/workbench/contrib/externalTerminal/node/externalTerminalService":["VS Code 控制台","脚本“{0}”失败，退出代码为 {1}","不支持“{0}”","按任意键继续...","“{0}”失败，退出代码为 {1}","找不到终端应用程序 \"{0}\""],"vs/workbench/contrib/search/common/queryBuilder":["工作区中没有名为“{0}”的文件夹 "],"vs/workbench/contrib/terminal/common/terminal":["终端","参与终端功能。","定义用户可创建的其他终端类型。","在用户创建此类型的终端时执行的命令。","此类型终端的标题。"],"vs/workbench/contrib/terminal/node/terminalProcess":["启动目录(cwd)“{0}”不是一个目录","启动目录(cwd)“{0}”不存在","shell 可执行文件的路径“{0}”不是符号链接的文件","shell 可执行文件“{0}”的路径不存在"],"vs/workbench/services/configurationResolver/common/variableResolver":["无法解析变量 {0}。请打开一个编辑器。","变量 {0}: 找不到 \"{1}\" 的工作区文件夹。","找不到文件夹“{1}”，因此无法解析变量 {0}。","无法在多文件夹工作区中解析变量 {0}。使用 \":\" 和工作区文件夹名称来限定此变量的作用域。","无法解析变量 {0}。请打开一个文件夹。","未给出环境变量名称，因此无法解析变量 {0}。","未能找到设置“{1}”，因此无法解析变量 {0}。","\"{1}\" 为结构类型值，因此无法解析变量 {0}。","未给出设置名称，因此无法解析变量 {0}。","无法解析变量 {0}。请确保已在活动编辑器中选择一行内容。","无法解析变量 {0}。请确保已在活动编辑器中选择一些文字。","命令不含值，因此无法解析变量 {0}。"]}