{"utils/api":["geçersiz sürüm"],"utils/tsconfig":["tsconfig.json dosyasını yapılandır","jsconfig.json dosyasını yapılandır","Dosya bir TypeScript projesinin parçası değil. Daha fazla bilgi için [buraya]({0}) tıklayın.","Dosya bir JavaScript projesinin parçası değil. Daha fazla bilgi için [buraya]({0}) tıklayın.","TypeScript veya JavaScript projesi kullanmak için lütfen VS Code'da bir klasör açın","TypeScript veya JavaScript projesi belirlenemedi. Dosya türü desteklenmiyor","TypeScript veya JavaScript projesi belirlenemedi"],"tsServer/versionProvider":[],"languageFeatures/codeLens/baseCodeLensProvider":["Başvurular belirlenemedi"],"languageFeatures/completions":["Uygulanacak kod eylemini seçin","Typings alınıyor...","IntelliSense için tuşlama tanımları alınıyor.","{0} kaynağından otomatik içe aktar"],"languageFeatures/directiveCommentCompletions":["Bir JavaScript dosyasının anlamsal kontrolünü etkinleştirir. Bir dosyanın en üstünde olmalıdır.","Bir JavaScript dosyasının anlamsal kontrolünü devre dışı bırakır. Bir dosyanın en üstünde olmalıdır.","Bir dosyanın sonraki satırında @ts-check hatalarını bastırır.","Dosyanın bir sonraki satırındaki @ts-check hatalarını gizler, en az bir hata bulunmasını bekler."],"languageFeatures/codeLens/implementationsCodeLens":["1 uygulama","{0} uygulama"],"languageFeatures/jsDocCompletions":["JSDoc yorumu"],"languageFeatures/organizeImports":["İçeri Aktarmaları Düzenle"],"languageFeatures/quickFix":["{0} (Dosyadaki tümünü düzelt)"],"languageFeatures/fixAll":["Tümünü Düzelt","Tüm kullanılmayan kodları kaldır","Tüm eksik içeri aktarmaları ekleyin"],"languageFeatures/refactor":["Yeniden düzenleme uygulanamadı","Yeniden düzenleme uygulanamadı","Sabite ayıkla","Geçerli seçim ayıklanamıyor","İşleve ayıkla","Geçerli seçim ayıklanamıyor","JS/TS yeniden düzenlemeleri hakkında daha fazla bilgi edinin"],"languageFeatures/codeLens/referencesCodeLens":["1 başvuru","{0} başvuru"],"languageFeatures/rename":["Dosya yeniden adlandırılırken bir hata oluştu"],"tsServer/versionStatus":["TypeScript Proje Bilgileri","TypeScript Sürümünü Seçin...","[geçerli = {0}]","tsconfig oluştur","Bu dosya şu anda bir tsconfig/jsconfig projesinin parçası değil","Tsconfig'i aç","TypeScript yardımı","TypeScript: Proje Bilgileri"],"typescriptServiceClient":["{0} yolu, geçerli bir tsserver yüklemesine işaret etmiyor. Paket grubu oluşturulmuş TypeScript sürümüne geri dönülüyor.","TypeScript dil sunucusundan hata ile çıkıldı. Hata iletisi: {0}","TS Sunucusu günlük kaydı kapalı. Lütfen günlük kaydını etkinleştirmek için `typescript.tsserver.log` değerini ayarlayın ve TS sunucusunu yeniden başlatın","Günlüğe kaydetmeyi etkinleştir ve TS sunucusunu yeniden başlat","TS Sunucusu günlük kaydını başlatmadı.","TS Sunucusu günlük dosyası açılamadı","Sorun Raporla","TypeScript dil hizmeti, 5 kez başlatıldıktan hemen sonra sonlandırıldı. Hizmet yeniden başlatılmayacak.","TypeScript dil hizmeti son 5 dakikada 5 kez beklenmeyen bir şekilde sonlandırıldı.","TypeScript dil hizmeti beklenmeyen bir şekilde sonlandırıldı.","JS/TS dil özellikleri başlatılıyor"],"tsServer/versionManager":["JavaScript ve TypeScript dil özellikleri için kullanılacak TypeScript sürümünü seçin","VS Code'un Sürümünü Kullan","Çalışma Alanı Sürümünü Kullan","İzin Ver","Kapat","Bu Çalışma alanında hiçbir zaman","Bu çalışma alanı bir TypeScript sürümü içeriyor. TypeScript ve JavaScript dil özellikleri için çalışma alanı TypeScript sürümünü kullanmak istiyor musunuz?","TypeScript sürümlerini yönetme hakkında daha fazla bilgi edinin"],"utils/logger":["TypeScript"],"utils/typingsStatus":["Daha iyi TypeScript IntelliSense için veriler getiriliyor","Tekrar Gösterme","JavaScript dil özellikleri için typings dosyaları yüklenemedi. Lütfen NPM'nin yüklü olduğundan emin olun veya kullanıcı ayarlarınızda 'typescript.npm' dosyasını yapılandırın. Daha fazla bilgi için [buraya]({0}) tıklayın."],"utils/largeProjectStatus":["TypeScript: Dışlamaları Yapılandır","Proje genelinde JavaScript/TypeScript dil özelliklerini etkinleştirmek için şunun gibi çok sayıda dosya içeren klasörleri hariç tutun: {0}","Proje genelinde JavaScript/TypeScript dil özelliklerini etkinleştirmek için üzerinde çalışmadığınız kaynak dosyalar içeren büyük klasörleri dışlayın.","Dışlamaları Yapılandır","Proje genelinde JavaScript/TypeScript dil özelliklerini etkinleştirmek için üzerinde çalışmadığınız kaynak dosyalar içeren büyük klasörleri dışlayın.","Dışlamaları Yapılandır"],"languageFeatures/updatePathsOnRename":["JS/TS içeri aktarmalarının güncelleştirmesi denetleniyor","'{0}' için içeri aktarmalar güncelleştirilsin mi?","Aşağıdaki {0} dosya için içeri aktarmalar güncelleştirilsin mi?","Hayır","Evet","İçeri aktarmaları her zaman otomatik olarak güncelleştir","İçeri aktarmaları hiçbir zaman otomatik olarak güncelleştirme","...1 ek dosya gösterilmiyor","...{0} ek dosya gösterilmiyor"],"tsServer/serverProcess.electron":["{0} yolu geçerli bir tsserver kurulumuna işaret etmiyor. Paketlenmiş TypeScript sürümüne geri dönülüyor."],"task/taskProvider":["Tasks.json içindeki TypeScript Görevi \"\\\\\" içeriyor. TypeScript görevleri tsconfig \"/\" kullanmalıdır","derleme - {0}","izleme - {0}"]}