{"repository":["Dizin Değiştirildi","Değiştirildi","Dizin Eklendi","Dizin Silindi","Silindi","Dizin Yeniden Adlandırıldı","Dizin Kopyalandı","İzlenmeyen","Yoksayıldı","Ekleme Amacı","İkisi De Silindi","Bizim Tarafımızdan Eklendi","Onlar Tarafından Silindi","Onlar Tarafından Eklendi","Bizim Tarafımızdan Silindi","İkisi De Eklendi","İkisi De Değiştirildi","Aç","Aç","Aç","{0} (Dizin)","{0} (Çalışma Ağacı)","{0} (Silindi)","{0} (Onların)","{0} (Bizim)","{0} (İzlenmeyen)","Commit işlemi uygula","Değişiklikleri Birleştir","Hazırlanmış Değişiklikler","Değişiklikler","İzlenmeyen Değişiklikler","Başarıyla gönderildi.","Yeniden temellendirmenin ortasında commit iletisi değiştirilemez. Lütfen yeniden temellendirme işlemini tamamlayın ve bunun yerine etkileşimli yeniden temellendirme kullanın.","Geçerli commit iletisi yalnızca boşluk karakterleri içeriyor","Geçerli satırda {0} karakter kaldı","Geçerli satırın uzunluğu {1} karakter sınırından {0} karakter fazla","Eşitleniyor. İptal edilmesi, depoya ciddi zararlar verebilir","'{0}' konumundaki git deposunda çok fazla etkin değişiklik var. Yalnızca git özelliklerinin bir alt kümesi etkinleştirilir.","Bir Daha Gösterme",".gitignore şablonuna '{0}' eklemek istiyor musunuz?","Evet","Değişiklikleri Eşitle","{1}/{2} deposundan {0} commit çek","{1}/{2} deposuna {0} commit gönder","{2}/{3} arasında {0} commit çek ve {1} commit gönder","İleti ('{1}' üzerinde commit işlemi uygulanacak {0})","İleti (commit işlemi uygulanacak {0})"],"main":["Şurada git aranıyor: {0}","{1} konumundaki {0} git'i kullanılıyor","Git İndir","Bir Daha Gösterme","Git bulunamadı. Git'i yükleyin veya 'git.path' ayarını kullanarak yapılandırın.","Git'i Güncelleştir","Bir Daha Gösterme","{0} Git'ini yüklemiş gibi görünüyorsunuz. Kod en verimli Git 2 ve üzeri sürümlerle çalışır","Git'i Güncelleştir","Bir Daha Gösterme","Yüklü Git ({0}) ile ilgili bilinen sorunlar var. Git özelliklerinin düzgün çalışması için lütfen Git'i 2.27 veya üzeri bir sürüme güncelleştirin."],"remoteSource":["Depo adı (aranacak tür)","Depo adı","Uzak depo bulunamadı.","$(hata) Hata: {0}","Depo URL'sini belirtin","Depo URL'sini belirtin veya depo kaynağı seçin.","URL","Klonlanacak URL'yi seçin.","Dal adı"],"timelineProvider":["Git Geçmişi","Siz","Hazırlanmış Değişiklikler","{0}  — {1}\r\n{2}\r\n\r\n{3}","Dizin","Kaydedilmemiş Değişiklikler","{0}  — {1}\r\n{2}\r\n\r\n{3}","Çalışma Ağacı"],"model":["'git.scanRepositories' ayarında mutlak yollar desteklenmiyor.","'{0}' deposunda otomatik olarak açılmayacak {1} alt modül var. Depoda bir dosya açarak her modülü tek tek açabilirsiniz.","Kullanılabilir depo yok","Depo seçin"],"autofetch":["Evet","Hayır","Daha Sonra Sor","Kodun [düzenli olarak 'git fetch' komutunu çalıştırmasını]({0}) istiyor musunuz?"],"statusbar":["Yeniden temellendiriliyor","Dalı/etiketi kullanıma al...","{0} konumunda yayımla","Şurada yayımla...","Değişiklikleri Yayımla","Değişiklikler Eşitleniyor..."],"commands":["{0} konumundaki etiket","{0} konumundaki uzak dal","Yeni dal oluştur...","Şuradan yeni dal oluştur...","Kullanıma alma ayrıldı...","Yeni uzak depo ekle...","Geçerli","Günlük düzeyini seçin","Günlük düzeyi şu şekilde değiştirildi: {0}","{0} konumundan klonla","URL'den klonla","Depo Konumunu Seçin","'{0}' Git deposu klonlanıyor...","Klonlanan depoyu açmak istiyor musunuz?","Aç","Yeni Pencerede Aç","Çalışma Alanına Ekle","Klonlanan depoyu açmak veya geçerli çalışma alanına eklemek istiyor musunuz?","Git deposunun başlatılacağı çalışma alanı klasörünü seçin","Klasör Seçin...","Depoyu Başlat","Depoyu Başlat","Bu işlem, '{0}' içinde bir git deposu oluşturur. Devam etmek istediğinizden emin misiniz?","Başlatılan depoyu açmak istiyor musunuz?","Aç","Yeni Pencerede Aç","Çalışma Alanına Ekle","Başlatılan depoyu açmak veya geçerli çalışma alanına eklemek istiyor musunuz?","Depoyu Aç","'{0}' uygulamasının HEAD sürümü kullanılamıyor.","Birleştirme çakışmalarına sahip {0} dosyayı hazırlamak istediğinizden emin misiniz?","Birleştirme çakışmalarına sahip {0} dosyasını hazırlamak istediğinizden emin misiniz?","Evet","Sürümümüzü Sakla","Dosyayı Sil","'{0}' dosyası, onlar tarafından silindi ve bizim tarafımızdan değiştirildi.\r\n\r\nNe yapmak istiyorsunuz?","Sürümlerini Sakla","Dosyayı Sil","'{0}' dosyası bizim tarafımızdan silindi ve onlar tarafından değiştirildi.\r\n\r\nNe yapmak istiyorsunuz?","Birleştirme çakışmalarına sahip {0} dosyayı hazırlamak istediğinizden emin misiniz?","Birleştirme çakışmalarına sahip {0} dosyasını hazırlamak istediğinizden emin misiniz?","Evet","Değişiklikleri At","{0} dosyasını SİLMEK istediğinizden emin misiniz?\r\nBu işlem GERİ ALINAMAZ!\r\nDevam ederseniz bu dosya KALICI OLARAK KAYBEDİLİR.","Dosyayı sil","Dosyayı geri yükle","{0} dosyasını geri yüklemek istediğinizden emin misiniz?","{0} içindeki değişiklikleri atmak istediğinizden emin misiniz?","Dosyaları geri yükle","{0} dosyayı geri yüklemek istediğinizden emin misiniz?","{0} dosyadaki değişiklikleri atmak istediğinizden emin misiniz?","Bu işlem izlenmeyen {0} dosyayı SİLECEK!\r\nBu eylem geri ALINAMAZ!\r\nBu dosyalar KALICI OLARAK KAYBOLUR.","İzlenmeyen {0} dosyası atılırsa DİSKTEN SİLİNECEK.","Atılması halinde DİSKTEN SİLİNECEK {0} izlenmeyen dosya var.","{0}\r\n\r\nBu eylem GERİ ALINAMAZ. Geçerli çalışma kümeniz KALICI OLARAK KAYBOLUR.","İzlenen 1 Dosyayı At","İzlenen {0} Dosyayı At","{0} Dosyanın Tümünü At","{0} içindeki değişiklikleri atmak istediğinizden emin misiniz?","{0} dosyadaki TÜM değişiklikleri atmak istediğinizden emin misiniz?\r\nBu işlem GERİ ALINAMAZ!\r\nDevam ederseniz mevcut çalışma kümeniz KALICI OLARAK KAYBEDİLİR.","1 Dosyayı At","{0} Dosyanın Tümünü At","{0} dosyasını SİLMEK istediğinizden emin misiniz?\r\nBu işlem GERİ ALINAMAZ!\r\nDevam ederseniz bu dosya KALICI OLARAK KAYBEDİLİR.","Dosyayı sil","{0} dosyayı SİLMEK istediğinizden emin misiniz?\r\nBu işlem GERİ ALINAMAZ!\r\nDevam ederseniz bu dosyalar KALICI OLARAK KAYBEDİLİR.","Dosyaları Sil","Devam ederseniz aşağıdaki dosyada commit işlemine dahil edilmeyecek kaydedilmemiş değişiklikler var: {0}.\r\n\r\nCommit işlemi uygulamadan önce bunları kaydetmek istiyor musunuz?","Kaydedilmemiş {0} dosya var.\r\n\r\nCommit işlemi uygulamadan önce bunları kaydetmek istiyor musunuz?","Tümünü Kaydet ve Commit İşlemi Uygula","Hazırlanmış Değişikliklere Commit Uygula","Commit işlemi yapılacak hazırlanmış değişiklik yok.\r\n\r\nTüm değişikliklerinizi otomatik olarak hazırlamak ve doğrudan commit işlemi yapmak ister misiniz?","Evet","Her zaman","Hiçbir Zaman","Boş Commit Oluştur","Commit işlemi uygulanacak değişiklik yok.","Doğrulama içermeyen commit işlemlerine izin verilmez, lütfen 'git.allowNoVerifyCommit' ayarıyla bunları etkinleştirin.","Yaptığınız değişikliklere doğrulama olmadan commit işlemi yapmak üzeresiniz. Bu işlem ön yürütme kancalarını atlar ve istenmeyen bir duruma yol açabilir.\r\n\r\nDevam etmek istediğinizden emin misiniz?","Tamam","Tamam, Bir Daha Sorma","İleti ('{0}' üzerinde commit işlemi uygula)","İletiye commit işlemi uygula","Lütfen bir commit iletisi girin","Boş bir commit oluşturmak istediğinizden emin misiniz?","Evet","Evet, Bir Daha Gösterme","HEAD, bir commit'i işaret etmediğinden geri alınamıyor.","Birleştirme commit'ini geri al","Son commit bir birleştirme commit'iydi. Geri almak istediğinizden emin misiniz?","Ayrılmış modda kullanıma almak için bir başvuru seçin","İade edilecek başvuruyu seçin","Kullanıma Almayı Zorla","Geçici Olarak Kaydet ve Kullanıma Al","Kullanıma alma ile yerel değişikliklerinizin üzerine yazılacak.","Dal adı","Lütfen yeni bir dal adı girin","Dal adının {0} normal ifadesiyle eşleşmesi gerekir","'{0}' dalının oluşturulacağı başvuruyu seçin","Silinecek dalı seçin","'{0}' dalı tam olarak birleştirilmedi. Yine de silinsin mi?","Dalı Sil","Geçersiz dal adı","'{0}' adlı bir dal zaten var","Birleştirilecek dalı seçin","Üzerinde yeniden temellendirmek için bir dal seçin","Etiket adı","Lütfen bir etiket adı girin","İleti","Etikete açıklama eklemek için lütfen bir ileti girin","Bu depoda etiket yok.","Silinecek etiketi seçin","Bu depoda getirilecek şekilde yapılandırılmış uzak depo yok.","Bu depoda getirilecek şekilde yapılandırılmış uzak depo yok.","Bu depoda getirilecek şekilde yapılandırılmış uzak depo yok.","Deponuzda çekilecek şekilde yapılandırılan uzak depo yok.","Dalın çekileceği uzak depoyu seçin","Çekilecek dalı seçin","Deponuzda çekilecek şekilde yapılandırılan uzak depo yok.","Deponuzda çekilecek şekilde yapılandırılan uzak depo yok.","Uzak Depo Ekle","Deponuzda gönderilecek şekilde yapılandırılan uzak depo yok.","Gönderimi zorlamaya izin verilmiyor, lütfen 'git.allowForcePush' ayarıyla etkinleştirin.","Değişikliklerinizi zorla iletmek üzeresiniz, bu işlem yıkıcı olabilir ve yanlışlıkla başkaları tarafından yapılan değişikliklerin üzerine yazabilir.\r\n\r\nDevam etmek istediğinizden emin misiniz?","Tamam","Tamam, Bir Daha Sorma","Uzak depoya göndermek için lütfen bir dalı iade edin.","'{0}' dalında yukarı akış dalı yok. Bu dalı yayımlamak istiyor musunuz?","Tamam","'{0}' dalını yayımlayacağınız uzak depoyu seçin:","Commit Karması","Lütfen commit karmasını belirtin","{0} konumundan uzak depo ekle","URL'den uzak depo ekle","Uzak depo adı","Lütfen bir uzak depo adı girin","Uzak depo adı biçimi geçersiz","'{0}' uzak deposu zaten var.","Deponuzda uzak depo yok.","Kaldırılacak uzak depoyu seçin","'{0}' dalında yukarı akış dalı yok. Bu dalı yayımlamak istiyor musunuz?","Tamam","Bu eylem, commit'leri '{0}/{1}' konumuna gönderip buradan çeker.","Tamam","Tamam, Bir Daha Gösterme","Deponuzda yayımlanacak şekilde yapılandırılan uzak depo yok.","{0} konumunda yayımla","'{0}' dalını yayımlayacağınız sağlayıcıyı seçin:","'{0}' dalını yayımlayacağınız uzak depoyu seçin:","Hazırlanacak değişiklik yok.","Aşağıdaki dosya, devam ederseniz geçici kayda dahil edilmeyecek kaydedilmemiş değişiklikler içeriyor: {0} .\r\n\r\nGeçici olarak kaydetmeden önce dosyayı kaydetmek ister misiniz?","{0} kaydedilmemiş dosya var.\r\n\r\nGeçici olarak kaydetmeden önce dosyaları kaydetmek ister misiniz?","Tümünü Kaydet ve Geçici Olarak Kaydet","Yine de Geçici Olarak Kaydet","İsteğe bağlı olarak bir geçici kayıt iletisi belirtin","Geçici kayıt iletisi","Gösterilecek geçici kaydı seçin","Depoda geçici kayıt yok.","Uygulanacak geçici kaydı seçin","Depoda geçici kayıt yok.","Bırakılacak geçici kaydı seçin","Evet","{0} geçici kaydını bırakmak istediğinizden emin misiniz?","Depoda geçici kayıt yok.","{0} (Çalışma ağacı)","{0} (Dizin)","{0} ({1}) ⟷ {0} ({2})","Devam eden yeniden temellendirme yok.","Git Günlüğünü Aç","Komut Çıkışını Göster","İade etmeden önce lütfen depo çalışma ağacınızı temizleyin.","Başvurular uzak depoya gönderilemiyor. Yaptığınız değişiklikleri tümleştirmek için önce 'Pull' komutunu çalıştırmayı deneyin.","Birleştirme çakışmaları var. Commit işlemi uygulamadan önce bu çakışmaları çözümleyin.","Geçici kayıt uygulanırken birleştirme çakışmaları vardı.","Git uzak deposunun kimliği doğrulanamadı:\r\n\r\n{0}","Git uzak deposunun kimliği doğrulanamadı.","Git'te 'kullanıcı.adı' ve 'kullanıcı.e-postası' bilgilerinizi ayarladığınızdan emin olun.","Daha Fazla Bilgi","Git: {0}","Git hatası"],"askpass-main":["Kimlik bilgileri eksik veya geçersiz."]}