[["__$__isNewStorageMarker","false"],["__$__targetStorageMarker","{\"workbench.panel.markers\":1,\"workbench.panel.output\":1,\"terminal\":1,\"workbench.explorer.views.state\":1,\"workbench.scm.views.state\":1,\"workbench.view.search.state\":1,\"output.activechannel\":0,\"debug.selectedroot\":1,\"workbench.view.debug.state\":1,\"workbench.centerededitorlayout.active\":0,\"workbench.panel.placeholderPanels\":1,\"vscode.debug-auto-launch\":1,\"terminal.integrated.environmentVariableCollections\":1,\"memento/workbench.parts.editor\":1,\"editors.mru\":1,\"history.entries\":1,\"workbench.view.explorer.numberOfVisibleViews\":0,\"workbench.explorer.treeViewState\":1,\"memento/workbench.editor.walkThroughPart\":1,\"workbench.panel.repl\":1,\"resource.authority.os.vscode-server.replitguillaume.repl.co\":1,\"memento/workbench.editor.settings2\":1,\"workbench.panel.hidden\":0,\"terminal.numberOfVisibleViews\":0,\"memento/workbench.editors.files.textFileEditor\":1}"],["workbench.panel.markers","{\"workbench.panel.markers.view\":{\"collapsed\":false,\"isHidden\":true}}"],["workbench.panel.output","{\"workbench.panel.output\":{\"collapsed\":false,\"isHidden\":true}}"],["terminal","{\"terminal\":{\"collapsed\":false,\"isHidden\":true,\"size\":1144}}"],["workbench.explorer.views.state","{\"outline\":{\"collapsed\":true,\"isHidden\":true,\"size\":22},\"timeline\":{\"collapsed\":true,\"isHidden\":true},\"workbench.explorer.openEditorsView\":{\"collapsed\":true,\"isHidden\":true,\"size\":22},\"workbench.explorer.fileView\":{\"collapsed\":false,\"isHidden\":true,\"size\":627},\"npm\":{\"collapsed\":true,\"isHidden\":true},\"CppReferencesView\":{\"collapsed\":true,\"isHidden\":true}}"],["workbench.scm.views.state","{\"workbench.scm.repositories\":{\"collapsed\":false,\"isHidden\":true},\"workbench.scm\":{\"collapsed\":false,\"isHidden\":false}}"],["workbench.view.search.state","{\"workbench.view.search\":{\"collapsed\":false,\"isHidden\":true}}"],["output.activechannel","tasks"],["debug.selectedroot","vscode-remote://vscode-server.replitguillaume.repl.co/home/runner/.vscode/launch.json"],["workbench.view.debug.state","{\"workbench.debug.welcome\":{\"collapsed\":false,\"isHidden\":true},\"workbench.debug.variablesView\":{\"collapsed\":false,\"isHidden\":true},\"workbench.debug.watchExpressionsView\":{\"collapsed\":false,\"isHidden\":true},\"workbench.debug.callStackView\":{\"collapsed\":false,\"isHidden\":true},\"workbench.debug.loadedScriptsView\":{\"collapsed\":true,\"isHidden\":true},\"workbench.debug.breakPointsView\":{\"collapsed\":false,\"isHidden\":true}}"],["workbench.centerededitorlayout.active","false"],["workbench.panel.placeholderPanels","[{\"id\":\"workbench.panel.markers\",\"name\":\"Problems\"},{\"id\":\"workbench.panel.output\",\"name\":\"Output\"},{\"id\":\"workbench.panel.repl\",\"name\":\"Debug Console\"},{\"id\":\"terminal\",\"name\":\"Terminal\"},{\"id\":\"refactorPreview\",\"name\":\"Refactor Preview\"}]"],["vscode.debug-auto-launch","{}"],["terminal.integrated.environmentVariableCollections","[{\"extensionIdentifier\":\"vscode.git\",\"collection\":[[\"VSCODE_GIT_IPC_HANDLE\",{\"value\":\"/tmp/vscode-git-08b8be55b4.sock\",\"type\":1}],[\"GIT_ASKPASS\",{\"value\":\"/nix/store/lrqrbss7vv18435ch8dhzr1ybwa9hgcq-code-server-3.9.0/libexec/code-server/lib/vscode/extensions/git/dist/askpass.sh\",\"type\":1}],[\"VSCODE_GIT_ASKPASS_NODE\",{\"value\":\"/nix/store/d0z9k8dpd4ryalfmnyaahybri8p49ibs-nodejs-14.17.5/bin/node\",\"type\":1}],[\"VSCODE_GIT_ASKPASS_MAIN\",{\"value\":\"/nix/store/lrqrbss7vv18435ch8dhzr1ybwa9hgcq-code-server-3.9.0/libexec/code-server/lib/vscode/extensions/git/dist/askpass-main.js\",\"type\":1}]]}]"],["memento/workbench.parts.editor","{\"editorpart.state\":{\"serializedGrid\":{\"root\":{\"type\":\"branch\",\"data\":[{\"type\":\"leaf\",\"data\":{\"id\":0,\"editors\":[{\"id\":\"workbench.editors.files.fileEditorInput\",\"value\":\"{\\\"resourceJSON\\\":{\\\"$mid\\\":1,\\\"fsPath\\\":\\\"\\\\\\\\home\\\\\\\\runner\\\\\\\\VSCode-Server\\\\\\\\test.js\\\",\\\"_sep\\\":1,\\\"external\\\":\\\"vscode-remote://vscode-server.replitguillaume.repl.co/home/runner/VSCode-Server/test.js\\\",\\\"path\\\":\\\"/home/runner/VSCode-Server/test.js\\\",\\\"scheme\\\":\\\"vscode-remote\\\",\\\"authority\\\":\\\"vscode-server.replitguillaume.repl.co\\\"},\\\"encoding\\\":\\\"utf8\\\"}\"}],\"mru\":[0]},\"size\":475}],\"size\":1144},\"orientation\":0,\"width\":1144,\"height\":475},\"activeGroup\":0,\"mostRecentActiveGroups\":[0]}}"],["editors.mru","{\"entries\":[{\"groupId\":0,\"index\":0}]}"],["history.entries","[{\"resourceJSON\":{\"$mid\":1,\"fsPath\":\"\\\\home\\\\runner\\\\VSCode-Server\\\\test.js\",\"_sep\":1,\"external\":\"vscode-remote://vscode-server.replitguillaume.repl.co/home/runner/VSCode-Server/test.js\",\"path\":\"/home/runner/VSCode-Server/test.js\",\"scheme\":\"vscode-remote\",\"authority\":\"vscode-server.replitguillaume.repl.co\"}},{\"resourceJSON\":{\"$mid\":1,\"fsPath\":\"\\\\home\\\\runner\\\\VSCode-Server\\\\.replit\",\"_sep\":1,\"external\":\"vscode-remote://vscode-server.replitguillaume.repl.co/home/runner/VSCode-Server/.replit\",\"path\":\"/home/runner/VSCode-Server/.replit\",\"scheme\":\"vscode-remote\",\"authority\":\"vscode-server.replitguillaume.repl.co\"}},{\"resourceJSON\":{\"$mid\":1,\"fsPath\":\"\\\\home\\\\runner\\\\.nix-channels\",\"_sep\":1,\"external\":\"vscode-remote://vscode-server.replitguillaume.repl.co/home/runner/.nix-channels\",\"path\":\"/home/runner/.nix-channels\",\"scheme\":\"vscode-remote\",\"authority\":\"vscode-server.replitguillaume.repl.co\"}},{\"resourceJSON\":{\"$mid\":1,\"fsPath\":\"\\\\home\\\\runner\\\\.bashrc\",\"_sep\":1,\"external\":\"vscode-remote://vscode-server.replitguillaume.repl.co/home/runner/.bashrc\",\"path\":\"/home/runner/.bashrc\",\"scheme\":\"vscode-remote\",\"authority\":\"vscode-server.replitguillaume.repl.co\"}},{\"resourceJSON\":{\"$mid\":1,\"fsPath\":\"\\\\home\\\\runner\\\\VSCode-Server\\\\replit.nix\",\"_sep\":1,\"external\":\"vscode-remote://vscode-server.replitguillaume.repl.co/home/runner/VSCode-Server/replit.nix\",\"path\":\"/home/runner/VSCode-Server/replit.nix\",\"scheme\":\"vscode-remote\",\"authority\":\"vscode-server.replitguillaume.repl.co\"}}]"],["workbench.view.explorer.numberOfVisibleViews","3"],["workbench.explorer.treeViewState","{\"focus\":[\"vscode-remote://vscode-server.replitguillaume.repl.co/home/runner/VSCode-Server/test.js\"],\"selection\":[\"vscode-remote://vscode-server.replitguillaume.repl.co/home/runner/VSCode-Server/test.js\"],\"expanded\":[\"vscode-remote://vscode-server.replitguillaume.repl.co/home/runner/VSCode-Server\"],\"scrollTop\":0}"],["memento/workbench.editor.walkThroughPart","{\"walkThroughEditorViewState\":[[\"walkThrough://vscode-server.replitguillaume.repl.co/static/fc6d123da59a4e5a675ac8e080f66e032ba01a1b/nix/store/lrqrbss7vv18435ch8dhzr1ybwa9hgcq-code-server-3.9.0/libexec/code-server/lib/vscode/out/vs/workbench/contrib/welcome/page/browser/vs_code_welcome_page?%7B%22moduleId%22%3A%22vs%2Fworkbench%2Fcontrib%2Fwelcome%2Fpage%2Fbrowser%2Fvs_code_welcome_page%22%7D\",{\"0\":{\"viewState\":{\"scrollTop\":0,\"scrollLeft\":0}}}]]}"],["workbench.panel.repl","{\"workbench.panel.repl.view\":{\"collapsed\":false,\"isHidden\":true}}"],["resource.authority.os.vscode-server.replitguillaume.repl.co","3"],["memento/workbench.editor.settings2","{\"settingsEditorState\":[]}"],["workbench.panel.hidden","false"],["terminal.numberOfVisibleViews","1"],["memento/workbench.editors.files.textFileEditor","{\"textEditorViewState\":[[\"vscode-remote://vscode-server.replitguillaume.repl.co/home/runner/VSCode-Server/replit.nix\",{\"0\":{\"cursorState\":[{\"inSelectionMode\":false,\"selectionStart\":{\"lineNumber\":1,\"column\":1},\"position\":{\"lineNumber\":1,\"column\":1}}],\"viewState\":{\"scrollLeft\":0,\"firstPosition\":{\"lineNumber\":1,\"column\":1},\"firstPositionDeltaTop\":0},\"contributionsState\":{\"editor.contrib.wordHighlighter\":false,\"editor.contrib.folding\":{\"lineCount\":6,\"provider\":\"indent\"}}}}],[\"vscode-remote://vscode-server.replitguillaume.repl.co/home/runner/.bashrc\",{\"0\":{\"cursorState\":[{\"inSelectionMode\":false,\"selectionStart\":{\"lineNumber\":1,\"column\":1},\"position\":{\"lineNumber\":1,\"column\":1}}],\"viewState\":{\"scrollLeft\":0,\"firstPosition\":{\"lineNumber\":1,\"column\":1},\"firstPositionDeltaTop\":0},\"contributionsState\":{\"editor.contrib.wordHighlighter\":false,\"editor.contrib.folding\":{\"lineCount\":118,\"provider\":\"indent\"}}}}],[\"vscode-remote://vscode-server.replitguillaume.repl.co/home/runner/.nix-channels\",{\"0\":{\"cursorState\":[{\"inSelectionMode\":false,\"selectionStart\":{\"lineNumber\":1,\"column\":1},\"position\":{\"lineNumber\":1,\"column\":1}}],\"viewState\":{\"scrollLeft\":0,\"firstPosition\":{\"lineNumber\":1,\"column\":1},\"firstPositionDeltaTop\":0},\"contributionsState\":{\"editor.contrib.wordHighlighter\":false,\"editor.contrib.folding\":{\"lineCount\":2,\"provider\":\"indent\"}}}}],[\"vscode-remote://vscode-server.replitguillaume.repl.co/home/runner/VSCode-Server/.replit\",{\"0\":{\"cursorState\":[{\"inSelectionMode\":true,\"selectionStart\":{\"lineNumber\":1,\"column\":180},\"position\":{\"lineNumber\":1,\"column\":147}}],\"viewState\":{\"scrollLeft\":460,\"firstPosition\":{\"lineNumber\":1,\"column\":1},\"firstPositionDeltaTop\":0},\"contributionsState\":{\"editor.contrib.wordHighlighter\":false,\"editor.contrib.folding\":{\"lineCount\":1,\"provider\":\"indent\"}}}}],[\"vscode-remote://vscode-server.replitguillaume.repl.co/home/runner/VSCode-Server/test.js\",{\"0\":{\"cursorState\":[{\"inSelectionMode\":false,\"selectionStart\":{\"lineNumber\":13,\"column\":31},\"position\":{\"lineNumber\":13,\"column\":31}}],\"viewState\":{\"scrollLeft\":0,\"firstPosition\":{\"lineNumber\":1,\"column\":1},\"firstPositionDeltaTop\":0},\"contributionsState\":{\"editor.contrib.wordHighlighter\":false,\"editor.contrib.folding\":{\"lineCount\":13,\"provider\":\"syntax\"}}}}]]}"]]