[["__$__isNewStorageMarker","true"],["__$__targetStorageMarker","{\"workbench.panel.markers\":1,\"workbench.panel.output\":1,\"terminal\":1,\"workbench.explorer.views.state\":1,\"workbench.scm.views.state\":1,\"workbench.view.search.state\":1,\"output.activechannel\":0,\"debug.selectedroot\":1,\"workbench.view.debug.state\":1,\"workbench.centerededitorlayout.active\":0,\"workbench.panel.placeholderPanels\":1,\"workbench.panel.repl\":1,\"vscode.debug-auto-launch\":1,\"resource.authority.os.f20f0e30-1bf8-4cbc-b71e-c9a35108e217.id.repl.co\":1,\"terminal.integrated.environmentVariableCollections\":1,\"memento/workbench.parts.editor\":1,\"editors.mru\":1,\"history.entries\":1,\"workbench.view.explorer.numberOfVisibleViews\":0,\"workbench.explorer.treeViewState\":1,\"memento/workbench.editor.walkThroughPart\":1,\"memento/workbench.editors.files.textFileEditor\":1,\"workbench.view.scm.numberOfVisibleViews\":0,\"memento/workbench.view.search\":0,\"workbench.view.search.numberOfVisibleViews\":0,\"workbench.view.extensions.state\":1,\"workbench.view.extensions.numberOfVisibleViews\":0,\"memento/workbench.view.extensions\":0,\"workbench.view.debug.numberOfVisibleViews\":0,\"workbench.sidebar.activeviewletid\":0}"],["workbench.panel.markers","{\"workbench.panel.markers.view\":{\"collapsed\":false,\"isHidden\":true}}"],["workbench.panel.output","{\"workbench.panel.output\":{\"collapsed\":false,\"isHidden\":true}}"],["terminal","{\"terminal\":{\"collapsed\":false,\"isHidden\":true}}"],["workbench.explorer.views.state","{\"outline\":{\"collapsed\":true,\"isHidden\":true,\"size\":22},\"timeline\":{\"collapsed\":true,\"isHidden\":true},\"workbench.explorer.openEditorsView\":{\"collapsed\":true,\"isHidden\":true,\"size\":22},\"workbench.explorer.fileView\":{\"collapsed\":false,\"isHidden\":true,\"size\":346},\"npm\":{\"collapsed\":true,\"isHidden\":true},\"CppReferencesView\":{\"collapsed\":true,\"isHidden\":true}}"],["workbench.scm.views.state","{\"workbench.scm.repositories\":{\"collapsed\":false,\"isHidden\":true},\"workbench.scm\":{\"collapsed\":false,\"isHidden\":false,\"size\":390}}"],["workbench.view.search.state","{\"workbench.view.search\":{\"collapsed\":false,\"isHidden\":true,\"size\":390}}"],["output.activechannel","tasks"],["debug.selectedroot","vscode-remote://f20f0e30-1bf8-4cbc-b71e-c9a35108e217.id.repl.co/home/runner/.local/.vscode/launch.json"],["workbench.view.debug.state","{\"workbench.debug.welcome\":{\"collapsed\":false,\"isHidden\":true},\"workbench.debug.variablesView\":{\"collapsed\":false,\"isHidden\":true},\"workbench.debug.watchExpressionsView\":{\"collapsed\":false,\"isHidden\":true},\"workbench.debug.callStackView\":{\"collapsed\":false,\"isHidden\":true},\"workbench.debug.loadedScriptsView\":{\"collapsed\":true,\"isHidden\":true},\"workbench.debug.breakPointsView\":{\"collapsed\":false,\"isHidden\":true}}"],["workbench.centerededitorlayout.active","false"],["workbench.panel.placeholderPanels","[{\"id\":\"workbench.panel.markers\",\"name\":\"Problems\"},{\"id\":\"workbench.panel.output\",\"name\":\"Output\"},{\"id\":\"workbench.panel.repl\",\"name\":\"Debug Console\"},{\"id\":\"terminal\",\"name\":\"Terminal\"},{\"id\":\"refactorPreview\",\"name\":\"Refactor Preview\"}]"],["workbench.panel.repl","{\"workbench.panel.repl.view\":{\"collapsed\":false,\"isHidden\":true}}"],["vscode.debug-auto-launch","{}"],["resource.authority.os.f20f0e30-1bf8-4cbc-b71e-c9a35108e217.id.repl.co","3"],["terminal.integrated.environmentVariableCollections","[{\"extensionIdentifier\":\"vscode.git\",\"collection\":[[\"VSCODE_GIT_IPC_HANDLE\",{\"value\":\"/tmp/vscode-git-7f2b454a1f.sock\",\"type\":1}],[\"GIT_ASKPASS\",{\"value\":\"/nix/store/lrqrbss7vv18435ch8dhzr1ybwa9hgcq-code-server-3.9.0/libexec/code-server/lib/vscode/extensions/git/dist/askpass.sh\",\"type\":1}],[\"VSCODE_GIT_ASKPASS_NODE\",{\"value\":\"/nix/store/d0z9k8dpd4ryalfmnyaahybri8p49ibs-nodejs-14.17.5/bin/node\",\"type\":1}],[\"VSCODE_GIT_ASKPASS_MAIN\",{\"value\":\"/nix/store/lrqrbss7vv18435ch8dhzr1ybwa9hgcq-code-server-3.9.0/libexec/code-server/lib/vscode/extensions/git/dist/askpass-main.js\",\"type\":1}]]}]"],["memento/workbench.parts.editor","{\"editorpart.state\":{\"serializedGrid\":{\"root\":{\"type\":\"branch\",\"data\":[{\"type\":\"leaf\",\"data\":{\"id\":0,\"editors\":[],\"mru\":[]},\"size\":425}],\"size\":600},\"orientation\":0,\"width\":600,\"height\":425},\"activeGroup\":0,\"mostRecentActiveGroups\":[0]}}"],["editors.mru","{\"entries\":[]}"],["history.entries","[{\"resourceJSON\":{\"$mid\":1,\"fsPath\":\"/home/runner/.local/share/code-server/heartbeat\",\"external\":\"vscode-remote://f20f0e30-1bf8-4cbc-b71e-c9a35108e217.id.repl.co/home/runner/.local/share/code-server/heartbeat\",\"path\":\"/home/runner/.local/share/code-server/heartbeat\",\"scheme\":\"vscode-remote\",\"authority\":\"f20f0e30-1bf8-4cbc-b71e-c9a35108e217.id.repl.co\"}},{\"resourceJSON\":{\"$mid\":1,\"fsPath\":\"/home/runner/.local/share/code-server/coder.json\",\"external\":\"vscode-remote://f20f0e30-1bf8-4cbc-b71e-c9a35108e217.id.repl.co/home/runner/.local/share/code-server/coder.json\",\"path\":\"/home/runner/.local/share/code-server/coder.json\",\"scheme\":\"vscode-remote\",\"authority\":\"f20f0e30-1bf8-4cbc-b71e-c9a35108e217.id.repl.co\"}}]"],["workbench.view.explorer.numberOfVisibleViews","3"],["workbench.explorer.treeViewState","{\"focus\":[\"vscode-remote://f20f0e30-1bf8-4cbc-b71e-c9a35108e217.id.repl.co/home/runner/.local/share/code-server/heartbeat\"],\"selection\":[\"vscode-remote://f20f0e30-1bf8-4cbc-b71e-c9a35108e217.id.repl.co/home/runner/.local/share/code-server/heartbeat\"],\"expanded\":[\"vscode-remote://f20f0e30-1bf8-4cbc-b71e-c9a35108e217.id.repl.co/home/runner/.local/share\",\"vscode-remote://f20f0e30-1bf8-4cbc-b71e-c9a35108e217.id.repl.co/home/runner/.local/share/code-server\",\"vscode-remote://f20f0e30-1bf8-4cbc-b71e-c9a35108e217.id.repl.co/home/runner/.local/share/code-server/coder-logs\"],\"scrollTop\":0}"],["memento/workbench.editor.walkThroughPart","{\"walkThroughEditorViewState\":[[\"walkThrough://f20f0e30-1bf8-4cbc-b71e-c9a35108e217.id.repl.co/static/fc6d123da59a4e5a675ac8e080f66e032ba01a1b/nix/store/lrqrbss7vv18435ch8dhzr1ybwa9hgcq-code-server-3.9.0/libexec/code-server/lib/vscode/out/vs/workbench/contrib/welcome/page/browser/vs_code_welcome_page?%7B%22moduleId%22%3A%22vs%2Fworkbench%2Fcontrib%2Fwelcome%2Fpage%2Fbrowser%2Fvs_code_welcome_page%22%7D\",{\"0\":{\"viewState\":{\"scrollTop\":0,\"scrollLeft\":0}}}]]}"],["memento/workbench.editors.files.textFileEditor","{\"textEditorViewState\":[[\"vscode-remote://f20f0e30-1bf8-4cbc-b71e-c9a35108e217.id.repl.co/home/runner/.local/share/code-server/coder.json\",{\"0\":{\"cursorState\":[{\"inSelectionMode\":false,\"selectionStart\":{\"lineNumber\":1,\"column\":1},\"position\":{\"lineNumber\":1,\"column\":1}}],\"viewState\":{\"scrollLeft\":0,\"firstPosition\":{\"lineNumber\":1,\"column\":1},\"firstPositionDeltaTop\":0},\"contributionsState\":{\"editor.contrib.wordHighlighter\":false,\"editor.contrib.folding\":{\"lineCount\":9,\"provider\":\"indent\"}}}}],[\"vscode-remote://f20f0e30-1bf8-4cbc-b71e-c9a35108e217.id.repl.co/home/runner/.local/share/code-server/heartbeat\",{\"0\":{\"cursorState\":[{\"inSelectionMode\":false,\"selectionStart\":{\"lineNumber\":1,\"column\":1},\"position\":{\"lineNumber\":1,\"column\":1}}],\"viewState\":{\"scrollLeft\":0,\"firstPosition\":{\"lineNumber\":1,\"column\":1},\"firstPositionDeltaTop\":0},\"contributionsState\":{\"editor.contrib.wordHighlighter\":false,\"editor.contrib.folding\":{\"lineCount\":1,\"provider\":\"indent\"}}}}]]}"],["workbench.view.scm.numberOfVisibleViews","1"],["memento/workbench.view.search","{\"query.contentPattern\":\"\",\"query.regex\":false,\"query.wholeWords\":false,\"query.caseSensitive\":false,\"query.folderExclusions\":\"\",\"query.folderIncludes\":\"\",\"query.useExcludesAndIgnoreFiles\":true,\"query.preserveCase\":false,\"view.showReplace\":true,\"query.replaceText\":\"\"}"],["workbench.view.search.numberOfVisibleViews","1"],["workbench.view.extensions.state","{\"workbench.views.extensions.web.installed\":{\"collapsed\":false,\"isHidden\":true},\"workbench.views.extensions.remote.installed.empty\":{\"collapsed\":false,\"isHidden\":true},\"workbench.views.extensions.remote.installed\":{\"collapsed\":false,\"isHidden\":true,\"size\":207},\"workbench.views.extensions.workspaceRecommendations\":{\"collapsed\":false,\"isHidden\":true},\"workbench.views.extensions.popular\":{\"collapsed\":false,\"isHidden\":true},\"workbench.views.extensions.otherRecommendations\":{\"collapsed\":false,\"isHidden\":true},\"extensions.recommendedList\":{\"collapsed\":false,\"isHidden\":true,\"size\":142},\"workbench.views.extensions.marketplace\":{\"collapsed\":false,\"isHidden\":true,\"size\":349},\"workbench.views.extensions.searchInstalled\":{\"collapsed\":false,\"isHidden\":true},\"workbench.views.extensions.searchEnabled\":{\"collapsed\":false,\"isHidden\":true},\"workbench.views.extensions.searchDisabled\":{\"collapsed\":false,\"isHidden\":true},\"workbench.views.extensions.searchOutdated\":{\"collapsed\":false,\"isHidden\":true},\"workbench.views.extensions.searchBuiltin\":{\"collapsed\":false,\"isHidden\":true},\"workbench.views.extensions.builtinFeatureExtensions\":{\"collapsed\":false,\"isHidden\":true},\"workbench.views.extensions.builtinThemeExtensions\":{\"collapsed\":false,\"isHidden\":true},\"workbench.views.extensions.builtinProgrammingLanguageExtensions\":{\"collapsed\":false,\"isHidden\":true}}"],["workbench.view.extensions.numberOfVisibleViews","1"],["memento/workbench.view.extensions","{\"query.value\":\"\"}"],["workbench.view.debug.numberOfVisibleViews","1"],["workbench.sidebar.activeviewletid","workbench.view.extensions"]]