[["__$__isNewStorageMarker","false"],["__$__targetStorageMarker","{\"workbench.panel.markers\":1,\"workbench.panel.output\":1,\"terminal\":1,\"workbench.explorer.views.state\":1,\"workbench.scm.views.state\":1,\"workbench.view.search.state\":1,\"output.activechannel\":0,\"debug.selectedroot\":1,\"workbench.view.debug.state\":1,\"workbench.centerededitorlayout.active\":0,\"workbench.panel.placeholderPanels\":1,\"vscode.debug-auto-launch\":1,\"terminal.integrated.environmentVariableCollections\":1,\"history.entries\":1,\"memento/workbench.editor.walkThroughPart\":1,\"workbench.view.explorer.numberOfVisibleViews\":0,\"memento/workbench.view.search\":0,\"workbench.view.search.numberOfVisibleViews\":0,\"workbench.view.scm.numberOfVisibleViews\":0,\"workbench.view.extensions.state\":1,\"resource.authority.os.f20f0e30-1bf8-4cbc-b71e-c9a35108e217.id.repl.co\":1,\"workbench.view.debug.numberOfVisibleViews\":0,\"workbench.view.extensions.numberOfVisibleViews\":0,\"memento/workbench.view.extensions\":0,\"resource.authority.os.vscode-server.replitguillaume.repl.co\":1,\"memento/workbench.editor.settings2\":1,\"workbench.panel.repl\":1,\"memento/workbench.editors.textResourceEditor\":1,\"ms-vscode.cpptools\":1,\"memento/workbench.editors.files.textFileEditor\":1,\"workbench.panel.output.numberOfVisibleViews\":0,\"memento/workbench.panel.output\":1,\"terminal.numberOfVisibleViews\":0,\"workbench.panel.repl.numberOfVisibleViews\":0,\"workbench.search.history\":0,\"workbench.panel.hidden\":0,\"memento/workbench.parts.editor\":1,\"editors.mru\":1,\"workbench.sidebar.hidden\":0,\"workbench.sidebar.activeviewletid\":0}"],["workbench.panel.markers","{\"workbench.panel.markers.view\":{\"collapsed\":false,\"isHidden\":false}}"],["workbench.panel.output","{\"workbench.panel.output\":{\"collapsed\":false,\"isHidden\":false}}"],["terminal","{\"terminal\":{\"collapsed\":false,\"isHidden\":false,\"size\":300}}"],["workbench.explorer.views.state","{\"outline\":{\"collapsed\":true,\"isHidden\":false,\"size\":22},\"timeline\":{\"collapsed\":true,\"isHidden\":false},\"workbench.explorer.openEditorsView\":{\"collapsed\":true,\"isHidden\":false,\"size\":22},\"workbench.explorer.emptyView\":{\"collapsed\":false,\"isHidden\":false,\"size\":613},\"npm\":{\"collapsed\":true,\"isHidden\":true},\"CppReferencesView\":{\"collapsed\":true,\"isHidden\":false}}"],["workbench.scm.views.state","{\"workbench.scm.repositories\":{\"collapsed\":false,\"isHidden\":true},\"workbench.scm\":{\"collapsed\":false,\"isHidden\":false,\"size\":512}}"],["workbench.view.search.state","{\"workbench.view.search\":{\"collapsed\":false,\"isHidden\":false,\"size\":606}}"],["output.activechannel","tasks"],["debug.selectedroot","vscode-remote:/home/runner/VSCode-Server/%22data%22/User/settings.json"],["workbench.view.debug.state","{\"workbench.debug.welcome\":{\"collapsed\":false,\"isHidden\":false,\"size\":142},\"workbench.debug.variablesView\":{\"collapsed\":false,\"isHidden\":false},\"workbench.debug.watchExpressionsView\":{\"collapsed\":false,\"isHidden\":false},\"workbench.debug.callStackView\":{\"collapsed\":false,\"isHidden\":false},\"workbench.debug.loadedScriptsView\":{\"collapsed\":true,\"isHidden\":false},\"workbench.debug.breakPointsView\":{\"collapsed\":false,\"isHidden\":false}}"],["workbench.centerededitorlayout.active","false"],["workbench.panel.placeholderPanels","[{\"id\":\"workbench.panel.markers\",\"name\":\"Problems\"},{\"id\":\"workbench.panel.output\",\"name\":\"输出\"},{\"id\":\"workbench.panel.repl\",\"name\":\"调试控制台\"},{\"id\":\"terminal\",\"name\":\"Terminal\"},{\"id\":\"refactorPreview\",\"name\":\"Refactor Preview\"}]"],["vscode.debug-auto-launch","{}"],["terminal.integrated.environmentVariableCollections","[{\"extensionIdentifier\":\"vscode.git\",\"collection\":[[\"VSCODE_GIT_IPC_HANDLE\",{\"value\":\"/tmp/vscode-git-e34f17d0ec.sock\",\"type\":1}],[\"GIT_ASKPASS\",{\"value\":\"/nix/store/lrqrbss7vv18435ch8dhzr1ybwa9hgcq-code-server-3.9.0/libexec/code-server/lib/vscode/extensions/git/dist/askpass.sh\",\"type\":1}],[\"VSCODE_GIT_ASKPASS_NODE\",{\"value\":\"/nix/store/d0z9k8dpd4ryalfmnyaahybri8p49ibs-nodejs-14.17.5/bin/node\",\"type\":1}],[\"VSCODE_GIT_ASKPASS_MAIN\",{\"value\":\"/nix/store/lrqrbss7vv18435ch8dhzr1ybwa9hgcq-code-server-3.9.0/libexec/code-server/lib/vscode/extensions/git/dist/askpass-main.js\",\"type\":1}]]}]"],["history.entries","[{\"editorInputJSON\":{\"typeId\":\"workbench.editors.welcomePageInput\",\"deserialized\":\"{}\"}},{\"resourceJSON\":{\"$mid\":1,\"external\":\"vscode-remote://vscode-server.replitguillaume.repl.co/home/runner/h.py\",\"path\":\"/home/runner/h.py\",\"scheme\":\"vscode-remote\",\"authority\":\"vscode-server.replitguillaume.repl.co\"}},{\"resourceJSON\":{\"$mid\":1,\"external\":\"vscode-remote://vscode-server.replitguillaume.repl.co/home/runner/main.c\",\"path\":\"/home/runner/main.c\",\"scheme\":\"vscode-remote\",\"authority\":\"vscode-server.replitguillaume.repl.co\"}},{\"resourceJSON\":{\"$mid\":1,\"external\":\"vscode-remote:/home/runner/VSCode-Server/%22data%22/User/settings.json\",\"path\":\"/home/runner/VSCode-Server/\\\"data\\\"/User/settings.json\",\"scheme\":\"vscode-remote\"}}]"],["memento/workbench.editor.walkThroughPart","{\"walkThroughEditorViewState\":[[\"walkThrough://vscode-server.replitguillaume.repl.co/static/fc6d123da59a4e5a675ac8e080f66e032ba01a1b/nix/store/lrqrbss7vv18435ch8dhzr1ybwa9hgcq-code-server-3.9.0/libexec/code-server/lib/vscode/out/vs/workbench/contrib/welcome/page/browser/vs_code_welcome_page?%7B%22moduleId%22%3A%22vs%2Fworkbench%2Fcontrib%2Fwelcome%2Fpage%2Fbrowser%2Fvs_code_welcome_page%22%7D\",{\"0\":{\"viewState\":{\"scrollTop\":0,\"scrollLeft\":0}}}],[\"walkThrough://f20f0e30-1bf8-4cbc-b71e-c9a35108e217.id.repl.co/static/fc6d123da59a4e5a675ac8e080f66e032ba01a1b/nix/store/lrqrbss7vv18435ch8dhzr1ybwa9hgcq-code-server-3.9.0/libexec/code-server/lib/vscode/out/vs/workbench/contrib/welcome/page/browser/vs_code_welcome_page?%7B%22moduleId%22%3A%22vs%2Fworkbench%2Fcontrib%2Fwelcome%2Fpage%2Fbrowser%2Fvs_code_welcome_page%22%7D\",{\"0\":{\"viewState\":{\"scrollTop\":500,\"scrollLeft\":0}}}],[\"walkThrough://72587e09-e1e6-4199-a652-536bb561048c.id.repl.co/static/fc6d123da59a4e5a675ac8e080f66e032ba01a1b/nix/store/lrqrbss7vv18435ch8dhzr1ybwa9hgcq-code-server-3.9.0/libexec/code-server/lib/vscode/out/vs/workbench/contrib/welcome/page/browser/vs_code_welcome_page?%7B%22moduleId%22%3A%22vs%2Fworkbench%2Fcontrib%2Fwelcome%2Fpage%2Fbrowser%2Fvs_code_welcome_page%22%7D\",{\"0\":{\"viewState\":{\"scrollTop\":0,\"scrollLeft\":0}}}]]}"],["workbench.view.explorer.numberOfVisibleViews","3"],["memento/workbench.view.search","{\"query.contentPattern\":\"english\",\"query.regex\":false,\"query.wholeWords\":false,\"query.caseSensitive\":false,\"query.folderExclusions\":\"\",\"query.folderIncludes\":\"\",\"query.useExcludesAndIgnoreFiles\":true,\"query.preserveCase\":false,\"view.showReplace\":true,\"query.replaceText\":\"\"}"],["workbench.view.search.numberOfVisibleViews","1"],["workbench.view.scm.numberOfVisibleViews","1"],["workbench.view.extensions.state","{\"workbench.views.extensions.web.installed\":{\"collapsed\":false,\"isHidden\":false},\"workbench.views.extensions.remote.installed.empty\":{\"collapsed\":false,\"isHidden\":false,\"size\":22},\"workbench.views.extensions.remote.installed\":{\"collapsed\":false,\"isHidden\":false,\"size\":594},\"workbench.views.extensions.workspaceRecommendations\":{\"collapsed\":false,\"isHidden\":false},\"workbench.views.extensions.popular\":{\"collapsed\":false,\"isHidden\":false,\"size\":427},\"workbench.views.extensions.otherRecommendations\":{\"collapsed\":false,\"isHidden\":false},\"extensions.recommendedList\":{\"collapsed\":true,\"isHidden\":false,\"size\":22},\"workbench.views.extensions.marketplace\":{\"collapsed\":false,\"isHidden\":false,\"size\":348},\"workbench.views.extensions.searchInstalled\":{\"collapsed\":false,\"isHidden\":false},\"workbench.views.extensions.searchEnabled\":{\"collapsed\":false,\"isHidden\":false},\"workbench.views.extensions.searchDisabled\":{\"collapsed\":false,\"isHidden\":false},\"workbench.views.extensions.searchOutdated\":{\"collapsed\":false,\"isHidden\":false},\"workbench.views.extensions.searchBuiltin\":{\"collapsed\":false,\"isHidden\":false},\"workbench.views.extensions.builtinFeatureExtensions\":{\"collapsed\":false,\"isHidden\":false},\"workbench.views.extensions.builtinThemeExtensions\":{\"collapsed\":false,\"isHidden\":false},\"workbench.views.extensions.builtinProgrammingLanguageExtensions\":{\"collapsed\":false,\"isHidden\":false}}"],["resource.authority.os.f20f0e30-1bf8-4cbc-b71e-c9a35108e217.id.repl.co","3"],["workbench.view.debug.numberOfVisibleViews","1"],["workbench.view.extensions.numberOfVisibleViews","2"],["memento/workbench.view.extensions","{\"query.value\":\"\"}"],["resource.authority.os.vscode-server.replitguillaume.repl.co","3"],["memento/workbench.editor.settings2","{\"settingsEditorState\":[]}"],["workbench.panel.repl","{\"workbench.panel.repl.view\":{\"collapsed\":false,\"isHidden\":false}}"],["memento/workbench.editors.textResourceEditor","{\"textEditorViewState\":[]}"],["ms-vscode.cpptools","{\"activatedPreviously\":true}"],["memento/workbench.editors.files.textFileEditor","{\"textEditorViewState\":[[\"vscode-remote:/home/runner/VSCode-Server/%22data%22/User/settings.json\",{\"0\":{\"cursorState\":[{\"inSelectionMode\":false,\"selectionStart\":{\"lineNumber\":1,\"column\":1},\"position\":{\"lineNumber\":1,\"column\":1}}],\"viewState\":{\"scrollLeft\":0,\"firstPosition\":{\"lineNumber\":1,\"column\":1},\"firstPositionDeltaTop\":0},\"contributionsState\":{\"editor.contrib.wordHighlighter\":false,\"editor.contrib.folding\":{\"lineCount\":2,\"provider\":\"syntax\"}}}}],[\"vscode-remote://vscode-server.replitguillaume.repl.co/home/runner/main.c\",{\"0\":{\"cursorState\":[{\"inSelectionMode\":false,\"selectionStart\":{\"lineNumber\":4,\"column\":20},\"position\":{\"lineNumber\":4,\"column\":20}}],\"viewState\":{\"scrollLeft\":0,\"firstPosition\":{\"lineNumber\":1,\"column\":1},\"firstPositionDeltaTop\":0},\"contributionsState\":{\"editor.contrib.wordHighlighter\":false,\"editor.contrib.folding\":{\"lineCount\":6,\"provider\":\"indent\"}}}}],[\"vscode-remote://vscode-server.replitguillaume.repl.co/home/runner/h.py\",{\"0\":{\"cursorState\":[{\"inSelectionMode\":false,\"selectionStart\":{\"lineNumber\":1,\"column\":1},\"position\":{\"lineNumber\":1,\"column\":1}}],\"viewState\":{\"scrollLeft\":0,\"firstPosition\":{\"lineNumber\":1,\"column\":1},\"firstPositionDeltaTop\":0},\"contributionsState\":{\"editor.contrib.wordHighlighter\":false,\"editor.contrib.folding\":{\"lineCount\":1,\"provider\":\"indent\"}}}}]]}"],["workbench.panel.output.numberOfVisibleViews","1"],["memento/workbench.panel.output","{\"textEditorViewState\":[]}"],["terminal.numberOfVisibleViews","1"],["workbench.panel.repl.numberOfVisibleViews","1"],["workbench.search.history","{\"search\":[\"türkish\",\"türkis\",\"turkish\",\"english\"]}"],["workbench.panel.hidden","false"],["memento/workbench.parts.editor","{\"editorpart.state\":{\"serializedGrid\":{\"root\":{\"type\":\"branch\",\"data\":[{\"type\":\"leaf\",\"data\":{\"id\":0,\"editors\":[{\"id\":\"workbench.editors.welcomePageInput\",\"value\":\"{}\"}],\"mru\":[0],\"preview\":0},\"size\":294}],\"size\":300},\"orientation\":0,\"width\":300,\"height\":294},\"activeGroup\":0,\"mostRecentActiveGroups\":[0]}}"],["editors.mru","{\"entries\":[{\"groupId\":0,\"index\":0}]}"],["workbench.sidebar.hidden","false"],["workbench.sidebar.activeviewletid","workbench.view.debug"]]