[["__$__isNewStorageMarker","false"],["__$__targetStorageMarker","{\"workbench.panel.markers.hidden\":0,\"workbench.panel.output.hidden\":0,\"terminal.hidden\":0,\"workbench.explorer.views.state.hidden\":0,\"workbench.scm.views.state.hidden\":0,\"workbench.view.search.state.hidden\":0,\"workbench.activity.pinnedViewlets2\":0,\"workbench.activity.placeholderViewlets\":1,\"workbench.view.debug.state.hidden\":0,\"releaseNotes/lastVersion\":1,\"extensions.ignoredAutoUpdateExtension\":1,\"storage.serviceMachineId\":1,\"memento/customEditors\":1,\"workbench.panel.pinnedPanels\":0,\"memento/notebookEditors\":1,\"productIconThemeData\":1,\"colorThemeData\":0,\"workbench.sidebar.size\":1,\"workbench.panel.size\":1,\"workbench.panel.dimension\":1,\"workbench.grid.width\":1,\"workbench.grid.height\":1,\"recently.opened\":0,\"workbench.statusbar.hidden\":0,\"workbench.activity.showHomeIndicator\":0,\"workbench.view.extensions.state.hidden\":0,\"workbench.views.extensions.remote.installed.empty\":1,\"workbench.panel.repl.hidden\":0,\"ms-vscode.cpptools\":1,\"extensionsAssistant/recommendations\":1,\"debug.actionswidgety\":1,\"http.linkProtectionTrustedDomains\":0,\"memento/gettingStartedService\":0,\"hasNotifiedOfSettingsAutosave\":0,\"commandPalette.mru.cache\":0,\"commandPalette.mru.counter\":0}"],["workbench.panel.markers.hidden","[{\"id\":\"workbench.panel.markers.view\",\"isHidden\":false}]"],["workbench.panel.output.hidden","[{\"id\":\"workbench.panel.output\",\"isHidden\":false}]"],["terminal.hidden","[{\"id\":\"terminal\",\"isHidden\":false}]"],["workbench.explorer.views.state.hidden","[{\"id\":\"outline\",\"isHidden\":false},{\"id\":\"timeline\",\"isHidden\":false},{\"id\":\"workbench.explorer.openEditorsView\",\"isHidden\":false},{\"id\":\"workbench.explorer.emptyView\",\"isHidden\":false},{\"id\":\"npm\",\"isHidden\":true},{\"id\":\"workbench.explorer.fileView\",\"isHidden\":false},{\"id\":\"CppReferencesView\",\"isHidden\":false}]"],["workbench.scm.views.state.hidden","[{\"id\":\"workbench.scm.repositories\",\"isHidden\":true},{\"id\":\"workbench.scm\",\"isHidden\":false}]"],["workbench.view.search.state.hidden","[{\"id\":\"workbench.view.search\",\"isHidden\":false}]"],["workbench.activity.pinnedViewlets2","[{\"id\":\"workbench.view.explorer\",\"pinned\":true,\"visible\":true,\"order\":0},{\"id\":\"workbench.view.search\",\"pinned\":true,\"visible\":true,\"order\":1},{\"id\":\"workbench.view.scm\",\"pinned\":true,\"visible\":true,\"order\":2},{\"id\":\"workbench.view.debug\",\"pinned\":true,\"visible\":true,\"order\":2},{\"id\":\"workbench.view.remote\",\"pinned\":true,\"visible\":false,\"order\":4},{\"id\":\"workbench.view.extensions\",\"pinned\":true,\"visible\":true,\"order\":4}]"],["workbench.activity.placeholderViewlets","[{\"id\":\"workbench.view.explorer\",\"themeIcon\":{\"id\":\"explorer-view-icon\"},\"name\":\"Explorer\",\"views\":[{\"when\":\"openEditorsVisible\"},{},{},{\"when\":\"timelineHasProvider\"},{},{\"when\":\"cppReferenceTypes:hasResults\"}]},{\"id\":\"workbench.view.search\",\"themeIcon\":{\"id\":\"search-view-icon\"},\"name\":\"Search\",\"views\":[{}]},{\"id\":\"workbench.view.scm\",\"themeIcon\":{\"id\":\"source-control-view-icon\"},\"name\":\"Source Control\",\"views\":[{\"when\":\"scm.providerCount && scm.providerCount != '0'\"},{}]},{\"id\":\"workbench.view.debug\",\"themeIcon\":{\"id\":\"run-view-icon\"},\"name\":\"Run\",\"views\":[{\"when\":\"debugUx == 'simple'\"},{\"when\":\"debugUx == 'default'\"},{\"when\":\"debugUx == 'default'\"},{\"when\":\"debugUx == 'default'\"},{\"when\":\"loadedScriptsSupported && debugUx == 'default'\"},{\"when\":\"breakpointsExist || debugUx == 'default'\"}]},{\"id\":\"workbench.view.remote\",\"themeIcon\":{\"id\":\"remote-explorer-view-icon\"},\"name\":\"Remote Explorer\",\"views\":[]},{\"id\":\"workbench.view.extensions\",\"themeIcon\":{\"id\":\"extensions-view-icon\"},\"name\":\"Extensions\",\"views\":[{\"when\":\"defaultExtensionViews && hasInstalledWebExtensions\"},{\"when\":\"defaultExtensionViews && !hasInstalledExtensions\"},{\"when\":\"defaultExtensionViews && hasInstalledExtensions\"},{\"when\":\"recommendedExtensions && workbenchState != 'empty'\"},{\"when\":\"defaultExtensionViews && !hasInstalledExtensions\"},{\"when\":\"recommendedExtensions\"},{\"when\":\"defaultExtensionViews && !config.extensions.showRecommendationsOnlyOnDemand\"},{\"when\":\"searchMarketplaceExtensions\"},{\"when\":\"searchInstalledExtensions\"},{\"when\":\"searchEnabledExtensions\"},{\"when\":\"searchDisabledExtensions\"},{\"when\":\"searchOutdatedExtensions\"},{\"when\":\"searchBuiltInExtensions\"},{\"when\":\"builtInExtensions\"},{\"when\":\"builtInExtensions\"},{\"when\":\"builtInExtensions\"}]}]"],["workbench.view.debug.state.hidden","[{\"id\":\"workbench.debug.welcome\",\"isHidden\":false},{\"id\":\"workbench.debug.variablesView\",\"isHidden\":false},{\"id\":\"workbench.debug.watchExpressionsView\",\"isHidden\":false},{\"id\":\"workbench.debug.callStackView\",\"isHidden\":false},{\"id\":\"workbench.debug.loadedScriptsView\",\"isHidden\":false},{\"id\":\"workbench.debug.breakPointsView\",\"isHidden\":false}]"],["releaseNotes/lastVersion","1.52.1"],["extensions.ignoredAutoUpdateExtension","[]"],["storage.serviceMachineId","9c901aba-bcc9-43cf-9601-50f9950d0783"],["memento/customEditors","{\"editors\":[{\"id\":\"imagePreview.previewEditor\",\"displayName\":\"Image Preview\",\"providerDisplayName\":\"Built-in\",\"priority\":\"builtin\",\"selector\":[{\"filenamePattern\":\"*.{jpg,jpe,jpeg,png,bmp,gif,ico,webp}\"}]},{\"id\":\"vscode.markdown.preview.editor\",\"displayName\":\"Markdown Preview (Experimental)\",\"providerDisplayName\":\"Built-in\",\"priority\":\"option\",\"selector\":[{\"filenamePattern\":\"*.md\"}]}]}"],["workbench.panel.pinnedPanels","[{\"id\":\"workbench.panel.markers\",\"name\":\"Problems\",\"pinned\":true,\"order\":0,\"visible\":true},{\"id\":\"workbench.panel.output\",\"name\":\"Output\",\"pinned\":true,\"order\":1,\"visible\":true},{\"id\":\"workbench.panel.repl\",\"name\":\"Debug Console\",\"pinned\":true,\"order\":2,\"visible\":true},{\"id\":\"terminal\",\"name\":\"Terminal\",\"pinned\":true,\"order\":3,\"visible\":true},{\"id\":\"refactorPreview\",\"name\":\"Refactor Preview\",\"pinned\":true,\"visible\":false}]"],["memento/notebookEditors","{\"editors\":[]}"],["productIconThemeData","{\"id\":\"\",\"label\":\"Default\",\"settingsId\":\"Default\",\"watch\":false}"],["colorThemeData","{\"id\":\"vs-dark vscode-theme-defaults-themes-dark_vs-json\",\"label\":\"Dark (Visual Studio)\",\"settingsId\":\"Visual Studio Dark\",\"themeTokenColors\":[{\"settings\":{\"foreground\":\"#D4D4D4\"},\"scope\":[\"meta.embedded\",\"source.groovy.embedded\"]},{\"settings\":{\"fontStyle\":\"italic\"},\"scope\":\"emphasis\"},{\"settings\":{\"fontStyle\":\"bold\"},\"scope\":\"strong\"},{\"settings\":{\"foreground\":\"#000080\"},\"scope\":\"header\"},{\"settings\":{\"foreground\":\"#6A9955\"},\"scope\":\"comment\"},{\"settings\":{\"foreground\":\"#569cd6\"},\"scope\":\"constant.language\"},{\"settings\":{\"foreground\":\"#b5cea8\"},\"scope\":[\"constant.numeric\",\"variable.other.enummember\",\"keyword.operator.plus.exponent\",\"keyword.operator.minus.exponent\"]},{\"settings\":{\"foreground\":\"#646695\"},\"scope\":\"constant.regexp\"},{\"settings\":{\"foreground\":\"#569cd6\"},\"scope\":\"entity.name.tag\"},{\"settings\":{\"foreground\":\"#d7ba7d\"},\"scope\":\"entity.name.tag.css\"},{\"settings\":{\"foreground\":\"#9cdcfe\"},\"scope\":\"entity.other.attribute-name\"},{\"settings\":{\"foreground\":\"#d7ba7d\"},\"scope\":[\"entity.other.attribute-name.class.css\",\"entity.other.attribute-name.class.mixin.css\",\"entity.other.attribute-name.id.css\",\"entity.other.attribute-name.parent-selector.css\",\"entity.other.attribute-name.pseudo-class.css\",\"entity.other.attribute-name.pseudo-element.css\",\"source.css.less entity.other.attribute-name.id\",\"entity.other.attribute-name.scss\"]},{\"settings\":{\"foreground\":\"#f44747\"},\"scope\":\"invalid\"},{\"settings\":{\"fontStyle\":\"underline\"},\"scope\":\"markup.underline\"},{\"settings\":{\"fontStyle\":\"bold\",\"foreground\":\"#569cd6\"},\"scope\":\"markup.bold\"},{\"settings\":{\"fontStyle\":\"bold\",\"foreground\":\"#569cd6\"},\"scope\":\"markup.heading\"},{\"settings\":{\"fontStyle\":\"italic\"},\"scope\":\"markup.italic\"},{\"settings\":{\"foreground\":\"#b5cea8\"},\"scope\":\"markup.inserted\"},{\"settings\":{\"foreground\":\"#ce9178\"},\"scope\":\"markup.deleted\"},{\"settings\":{\"foreground\":\"#569cd6\"},\"scope\":\"markup.changed\"},{\"settings\":{\"foreground\":\"#6A9955\"},\"scope\":\"punctuation.definition.quote.begin.markdown\"},{\"settings\":{\"foreground\":\"#6796e6\"},\"scope\":\"punctuation.definition.list.begin.markdown\"},{\"settings\":{\"foreground\":\"#ce9178\"},\"scope\":\"markup.inline.raw\"},{\"settings\":{\"foreground\":\"#808080\"},\"scope\":\"punctuation.definition.tag\"},{\"settings\":{\"foreground\":\"#569cd6\"},\"scope\":[\"meta.preprocessor\",\"entity.name.function.preprocessor\"]},{\"settings\":{\"foreground\":\"#ce9178\"},\"scope\":\"meta.preprocessor.string\"},{\"settings\":{\"foreground\":\"#b5cea8\"},\"scope\":\"meta.preprocessor.numeric\"},{\"settings\":{\"foreground\":\"#9cdcfe\"},\"scope\":\"meta.structure.dictionary.key.python\"},{\"settings\":{\"foreground\":\"#569cd6\"},\"scope\":\"meta.diff.header\"},{\"settings\":{\"foreground\":\"#569cd6\"},\"scope\":\"storage\"},{\"settings\":{\"foreground\":\"#569cd6\"},\"scope\":\"storage.type\"},{\"settings\":{\"foreground\":\"#569cd6\"},\"scope\":[\"storage.modifier\",\"keyword.operator.noexcept\"]},{\"settings\":{\"foreground\":\"#ce9178\"},\"scope\":[\"string\",\"meta.embedded.assembly\"]},{\"settings\":{\"foreground\":\"#ce9178\"},\"scope\":\"string.tag\"},{\"settings\":{\"foreground\":\"#ce9178\"},\"scope\":\"string.value\"},{\"settings\":{\"foreground\":\"#d16969\"},\"scope\":\"string.regexp\"},{\"settings\":{\"foreground\":\"#569cd6\"},\"scope\":[\"punctuation.definition.template-expression.begin\",\"punctuation.definition.template-expression.end\",\"punctuation.section.embedded\"]},{\"settings\":{\"foreground\":\"#d4d4d4\"},\"scope\":[\"meta.template.expression\"]},{\"settings\":{\"foreground\":\"#9cdcfe\"},\"scope\":[\"support.type.vendored.property-name\",\"support.type.property-name\",\"variable.css\",\"variable.scss\",\"variable.other.less\",\"source.coffee.embedded\"]},{\"settings\":{\"foreground\":\"#569cd6\"},\"scope\":\"keyword\"},{\"settings\":{\"foreground\":\"#569cd6\"},\"scope\":\"keyword.control\"},{\"settings\":{\"foreground\":\"#d4d4d4\"},\"scope\":\"keyword.operator\"},{\"settings\":{\"foreground\":\"#569cd6\"},\"scope\":[\"keyword.operator.new\",\"keyword.operator.expression\",\"keyword.operator.cast\",\"keyword.operator.sizeof\",\"keyword.operator.alignof\",\"keyword.operator.typeid\",\"keyword.operator.alignas\",\"keyword.operator.instanceof\",\"keyword.operator.logical.python\",\"keyword.operator.wordlike\"]},{\"settings\":{\"foreground\":\"#b5cea8\"},\"scope\":\"keyword.other.unit\"},{\"settings\":{\"foreground\":\"#569cd6\"},\"scope\":[\"punctuation.section.embedded.begin.php\",\"punctuation.section.embedded.end.php\"]},{\"settings\":{\"foreground\":\"#9cdcfe\"},\"scope\":\"support.function.git-rebase\"},{\"settings\":{\"foreground\":\"#b5cea8\"},\"scope\":\"constant.sha.git-rebase\"},{\"settings\":{\"foreground\":\"#d4d4d4\"},\"scope\":[\"storage.modifier.import.java\",\"variable.language.wildcard.java\",\"storage.modifier.package.java\"]},{\"settings\":{\"foreground\":\"#569cd6\"},\"scope\":\"variable.language\"}],\"semanticTokenRules\":[{\"_selector\":\"newOperator\",\"_style\":{\"_foreground\":\"#d4d4d4\",\"_bold\":null,\"_underline\":null,\"_italic\":null}},{\"_selector\":\"stringLiteral\",\"_style\":{\"_foreground\":\"#ce9178\",\"_bold\":null,\"_underline\":null,\"_italic\":null}},{\"_selector\":\"customLiteral\",\"_style\":{\"_foreground\":\"#d4d4d4\",\"_bold\":null,\"_underline\":null,\"_italic\":null}},{\"_selector\":\"numberLiteral\",\"_style\":{\"_foreground\":\"#b5cea8\",\"_bold\":null,\"_underline\":null,\"_italic\":null}}],\"extensionData\":{\"_extensionId\":\"vscode.theme-defaults\",\"_extensionIsBuiltin\":true,\"_extensionName\":\"theme-defaults\",\"_extensionPublisher\":\"vscode\"},\"themeSemanticHighlighting\":true,\"colorMap\":{\"editor.background\":\"#1e1e1e\",\"editor.foreground\":\"#d4d4d4\",\"editor.inactiveSelectionBackground\":\"#3a3d41\",\"editorIndentGuide.background\":\"#404040\",\"editorIndentGuide.activeBackground\":\"#707070\",\"editor.selectionHighlightBackground\":\"#add6ff26\",\"list.dropBackground\":\"#383b3d\",\"activityBarBadge.background\":\"#007acc\",\"sideBarTitle.foreground\":\"#bbbbbb\",\"input.placeholderForeground\":\"#a6a6a6\",\"menu.background\":\"#252526\",\"menu.foreground\":\"#cccccc\",\"statusBarItem.remoteForeground\":\"#ffffff\",\"statusBarItem.remoteBackground\":\"#16825d\",\"sideBarSectionHeader.background\":\"#00000000\",\"sideBarSectionHeader.border\":\"#cccccc33\",\"tab.lastPinnedBorder\":\"#cccccc33\"},\"watch\":false}"],["workbench.sidebar.size","170"],["workbench.panel.size","231"],["workbench.panel.dimension","bottom"],["workbench.grid.width","393"],["workbench.grid.height","547"],["recently.opened","{\"workspaces3\":[\"vscode-remote://vscode-server.replitguillaume.repl.co/home/runner\",\"vscode-remote://vscode-server--replitguillaume.repl.co/home/runner/.local\",\"vscode-remote://f20f0e30-1bf8-4cbc-b71e-c9a35108e217.id.repl.co/home/runner/.local\",\"vscode-remote://vscode-server.replitguillaume.repl.co/home/runner/VSCode-Server\",\"vscode-remote://vscode-server.replitguillaume.repl.co/home/runner/VSCode-Server/extensions\"],\"files2\":[\"vscode-remote://vscode-server.replitguillaume.repl.co/home/runner/h.py\"],\"fileLabels\":[\"~/h.py\"]}"],["workbench.statusbar.hidden","[\"status.host\"]"],["workbench.activity.showHomeIndicator","false"],["workbench.view.extensions.state.hidden","[{\"id\":\"workbench.views.extensions.web.installed\",\"isHidden\":false},{\"id\":\"workbench.views.extensions.remote.installed.empty\",\"isHidden\":false},{\"id\":\"workbench.views.extensions.remote.installed\",\"isHidden\":false},{\"id\":\"workbench.views.extensions.workspaceRecommendations\",\"isHidden\":false},{\"id\":\"workbench.views.extensions.popular\",\"isHidden\":false},{\"id\":\"workbench.views.extensions.otherRecommendations\",\"isHidden\":false},{\"id\":\"extensions.recommendedList\",\"isHidden\":false},{\"id\":\"workbench.views.extensions.marketplace\",\"isHidden\":false},{\"id\":\"workbench.views.extensions.searchInstalled\",\"isHidden\":false},{\"id\":\"workbench.views.extensions.searchEnabled\",\"isHidden\":false},{\"id\":\"workbench.views.extensions.searchDisabled\",\"isHidden\":false},{\"id\":\"workbench.views.extensions.searchOutdated\",\"isHidden\":false},{\"id\":\"workbench.views.extensions.searchBuiltin\",\"isHidden\":false},{\"id\":\"workbench.views.extensions.builtinFeatureExtensions\",\"isHidden\":false},{\"id\":\"workbench.views.extensions.builtinThemeExtensions\",\"isHidden\":false},{\"id\":\"workbench.views.extensions.builtinProgrammingLanguageExtensions\",\"isHidden\":false}]"],["workbench.views.extensions.remote.installed.empty","124"],["workbench.panel.repl.hidden","[{\"id\":\"workbench.panel.repl.view\",\"isHidden\":false}]"],["ms-vscode.cpptools","{\"CPP.1.2.2.Progress\":150,\"CPP.1.2.2.checkForConflictingExtensions\":false,\"CPP.UserBucket\":18,\"ABTest.1\":100,\"ABTest.2\":100,\"ABTest.3\":100,\"ABTest.4\":100,\"ABTest.5\":\"1.53.0\"}"],["extensionsAssistant/recommendations","{}"],["debug.actionswidgety","0"],["http.linkProtectionTrustedDomains","[\"https://github.com\"]"],["memento/gettingStartedService","{\"pickColorTheme\":{\"done\":true},\"commandPaletteTask\":{\"done\":true}}"],["hasNotifiedOfSettingsAutosave","true"],["commandPalette.mru.cache","{\"usesLRU\":true,\"entries\":[{\"key\":\"workbench.action.selectTheme\",\"value\":1}]}"],["commandPalette.mru.counter","2"]]