{"utils/api":["无效版本"],"utils/tsconfig":["配置 tsconfig.json","配置 jsconfig.json","文件不属于 TypeScript 项目。点击[这里]({0})了解更多。","文件不属于 JavaScript 项目。点击[这里]({0})了解更多。","请在 VS Code 中打开一个文件夹，以使用 TypeScript 或 JavaScript 项目","无法确定 TypeScript 或 JavaScript 项目。不受支持的文件类型","无法确定 TypeScript 或 JavaScript 项目"],"tsServer/versionProvider":[],"languageFeatures/codeLens/baseCodeLensProvider":["无法确定引用"],"languageFeatures/completions":["选择要应用的代码操作","正在获取 typings…","获取 IntelliSense 的 typings 定义。","从 {0} 自动导入"],"languageFeatures/directiveCommentCompletions":["在 JavaScript 文件中启用语义检查。必须在文件顶部。","在 JavaScript 文件中禁用语义检查。必须在文件顶部。","取消文件下一行的 @ts-check 错误提示。","禁止在文件的下一行显示 @ts-check 错误，预计至少存在一个错误。"],"languageFeatures/codeLens/implementationsCodeLens":["1 个实现","{0} 个实现"],"languageFeatures/jsDocCompletions":["JSDoc 注释"],"languageFeatures/organizeImports":["整理 import 语句"],"languageFeatures/quickFix":["{0} (修复文件中所有)"],"languageFeatures/fixAll":["全部修复","删除所有未使用的代码","添加所有缺少的导入"],"languageFeatures/refactor":["无法应用重构","无法应用重构","提取到常量","无法提取当前所选内容","提取到函数","无法提取当前所选内容","了解有关 JS/TS 重构功能的更多详细信息"],"languageFeatures/codeLens/referencesCodeLens":["1 个引用","{0} 个引用"],"languageFeatures/rename":["重命名文件时出错"],"tsServer/versionStatus":["TypeScript 项目信息","选择 TypeScript 版本…","[当前 = {0}]","创建 tsconfig","此文件当前不是 tsconfig/jsconfig 项目的一部分","打开 tsconfig","TypeScript 帮助","TypeScript: 项目信息"],"typescriptServiceClient":["路径 {0} 未指向有效的 tsserver 安装。请回退到捆绑的 TypeScript 版本。","TypeScript 语言服务器因错误而退出。错误消息: {0}","TS 服务器日志已关闭。请设置 \"typescript.tsserver.log\" 并重启 TS 服务器以启用日志","启用日志记录并重启 TS 服务器","TS 服务器尚未启动日志记录。","无法打开 TS 服务器日志文件","报告问题","TypeScript 语言服务在其启动后已中止 5 次。将不会重启该服务。","在过去 5 分钟内，TypeScript 语言服务意外中止了 5 次。","TypeScript 语言服务意外终止。","正在初始化 JS/TS 语言功能"],"tsServer/versionManager":["选择用于 JavaScript 和 TypeScript 语言功能的 TypeScript 版本","使用 VS Code 的版本","使用工作区版本","允许","取消","绝不在此工作区中","此工作区包含一个 TypeScript 版本。是否要对 TypeScript 和 JavaScript 语言功能使用工作区 TypeScript 版本?","了解有关管理 TypeScript 版本的更多信息"],"utils/logger":["TypeScript"],"utils/typingsStatus":["提取数据以实现更好的 TypeScript IntelliSense","不再显示","无法为 JavaScript 语言功能安装 typings 文件。请确认 NPM 已安装，或在你的用户设置中配置 “typescript.npm”。点击[这里]({0})了解更多。"],"utils/largeProjectStatus":["TypeScript: 配置排除","若要启用项目范围内的 JavaScript/TypeScript 语言功能，请排除包含多个文件的文件夹，例如: {0}","若要启用项目范围内的 JavaScript/TypeScript 语言功能，请排除包含不需要处理的源文件的大型文件夹。","配置排除","若要启用项目范围内的 JavaScript/TypeScript 语言功能，请排除包含不需要处理的源文件的大型文件夹。","配置排除"],"languageFeatures/updatePathsOnRename":["正在检查 JS/TS import 语句的更新","是否更新“{0}”的导入?","是否更新以下 {0} 个文件的导入?","否","是","始终自动更新 import 语句","一律不更新 import 语句","...1 个其他文件未显示","...{0} 个其他文件未显示"],"tsServer/serverProcess.electron":["路径 {0} 未指向有效的 tsserver 安装。请回退到捆绑的 TypeScript 版本。"],"task/taskProvider":["tasks.json 中的 Typescript 任务包含 \"\\\\\"。Typescript 任务的 tsconfig 必须使用 \"/\"","构建 - {0}","监视 - {0}"]}