{"tasks":["将 {0} 用作首选的包管理器。已为 {1} 找到多个锁定文件。","不再显示","了解详细信息","npm 任务检测: 无法分析文件 {0}"],"features/bowerJSONContribution":["默认 bower.json","对 Bower 存储库发出的请求失败: {0}","对 Bower 存储库发出的请求失败: {0}","最新"],"features/packageJSONContribution":["默认 package.json","对 NPM 存储库发出的请求失败: {0}","对 NPM 存储库发出的请求失败: {0}","对 NPM 存储库发出的请求失败: {0}","当前最新版本的包","与最新主要版本(1.x.x)匹配","与最新次要版本(1.2.x)匹配","最新版本: {0}"],"commands":["在所选内容中找不到有效的 npm 脚本。"],"npmView":["未找到脚本。","\"npm.autoDetect\" 设置已设为“关”。"],"scriptHover":["运行脚本","将脚本作为任务运行","调试脚本","在调试器下运行脚本"]}