[["__$__isNewStorageMarker","false"],["__$__targetStorageMarker","{\"workbench.panel.markers\":1,\"workbench.panel.output\":1,\"terminal\":1,\"workbench.explorer.views.state\":1,\"workbench.scm.views.state\":1,\"workbench.view.search.state\":1,\"output.activechannel\":0,\"debug.selectedroot\":1,\"workbench.view.debug.state\":1,\"workbench.centerededitorlayout.active\":0,\"workbench.panel.placeholderPanels\":1}"],["workbench.panel.markers","{\"workbench.panel.markers.view\":{\"collapsed\":false,\"isHidden\":false}}"],["workbench.panel.output","{\"workbench.panel.output\":{\"collapsed\":false,\"isHidden\":false}}"],["terminal","{\"terminal\":{\"collapsed\":false,\"isHidden\":false}}"],["workbench.explorer.views.state","{\"outline\":{\"collapsed\":true,\"isHidden\":false},\"timeline\":{\"collapsed\":true,\"isHidden\":false},\"workbench.explorer.openEditorsView\":{\"collapsed\":true,\"isHidden\":false},\"workbench.explorer.emptyView\":{\"collapsed\":false,\"isHidden\":false}}"],["workbench.scm.views.state","{\"workbench.scm.repositories\":{\"collapsed\":false,\"isHidden\":true},\"workbench.scm\":{\"collapsed\":false,\"isHidden\":false}}"],["workbench.view.search.state","{\"workbench.view.search\":{\"collapsed\":false,\"isHidden\":false}}"],["output.activechannel","tasks"],["debug.selectedroot","vscode-remote:/home/runner/VSCode-Server/data/User/settings.json"],["workbench.view.debug.state","{\"workbench.debug.welcome\":{\"collapsed\":false,\"isHidden\":false},\"workbench.debug.variablesView\":{\"collapsed\":false,\"isHidden\":false},\"workbench.debug.watchExpressionsView\":{\"collapsed\":false,\"isHidden\":false},\"workbench.debug.callStackView\":{\"collapsed\":false,\"isHidden\":false},\"workbench.debug.loadedScriptsView\":{\"collapsed\":true,\"isHidden\":false},\"workbench.debug.breakPointsView\":{\"collapsed\":false,\"isHidden\":false}}"],["workbench.centerededitorlayout.active","false"],["workbench.panel.placeholderPanels","[{\"id\":\"workbench.panel.markers\",\"name\":\"Problems\"},{\"id\":\"workbench.panel.output\",\"name\":\"Output\"},{\"id\":\"workbench.panel.repl\",\"name\":\"Debug Console\"},{\"id\":\"terminal\",\"name\":\"Terminal\"},{\"id\":\"refactorPreview\",\"name\":\"Refactor Preview\"}]"]]