[["__$__isNewStorageMarker","false"],["__$__targetStorageMarker","{\"workbench.panel.markers.hidden\":0,\"workbench.panel.output.hidden\":0,\"terminal.hidden\":0,\"workbench.explorer.views.state.hidden\":0,\"workbench.scm.views.state.hidden\":0,\"workbench.view.search.state.hidden\":0,\"workbench.activity.pinnedViewlets2\":0,\"workbench.activity.placeholderViewlets\":1,\"workbench.view.debug.state.hidden\":0,\"releaseNotes/lastVersion\":1,\"storage.serviceMachineId\":1,\"extensions.ignoredAutoUpdateExtension\":1,\"memento/customEditors\":1,\"workbench.panel.pinnedPanels\":0,\"memento/notebookEditors\":1,\"productIconThemeData\":1,\"colorThemeData\":0}"],["workbench.panel.markers.hidden","[{\"id\":\"workbench.panel.markers.view\",\"isHidden\":false}]"],["workbench.panel.output.hidden","[{\"id\":\"workbench.panel.output\",\"isHidden\":false}]"],["terminal.hidden","[{\"id\":\"terminal\",\"isHidden\":false}]"],["workbench.explorer.views.state.hidden","[{\"id\":\"outline\",\"isHidden\":false},{\"id\":\"timeline\",\"isHidden\":false},{\"id\":\"workbench.explorer.openEditorsView\",\"isHidden\":false},{\"id\":\"workbench.explorer.emptyView\",\"isHidden\":false}]"],["workbench.scm.views.state.hidden","[{\"id\":\"workbench.scm.repositories\",\"isHidden\":true},{\"id\":\"workbench.scm\",\"isHidden\":false}]"],["workbench.view.search.state.hidden","[{\"id\":\"workbench.view.search\",\"isHidden\":false}]"],["workbench.activity.pinnedViewlets2","[{\"id\":\"workbench.view.explorer\",\"pinned\":true,\"visible\":true,\"order\":0},{\"id\":\"workbench.view.search\",\"pinned\":true,\"visible\":true,\"order\":1},{\"id\":\"workbench.view.scm\",\"pinned\":true,\"visible\":true,\"order\":2},{\"id\":\"workbench.view.debug\",\"pinned\":true,\"visible\":true,\"order\":2},{\"id\":\"workbench.view.remote\",\"pinned\":true,\"visible\":false,\"order\":4},{\"id\":\"workbench.view.extensions\",\"pinned\":true,\"visible\":true,\"order\":4}]"],["workbench.activity.placeholderViewlets","[{\"id\":\"workbench.view.explorer\",\"themeIcon\":{\"id\":\"explorer-view-icon\"},\"name\":\"Explorer\",\"views\":[{},{\"when\":\"timelineHasProvider\"}]},{\"id\":\"workbench.view.search\",\"themeIcon\":{\"id\":\"search-view-icon\"},\"name\":\"Search\",\"views\":[{}]},{\"id\":\"workbench.view.scm\",\"themeIcon\":{\"id\":\"source-control-view-icon\"},\"name\":\"Source Control\",\"views\":[{\"when\":\"scm.providerCount && scm.providerCount != '0'\"},{}]},{\"id\":\"workbench.view.debug\",\"themeIcon\":{\"id\":\"run-view-icon\"},\"name\":\"Run\",\"views\":[{\"when\":\"debugUx == 'simple'\"},{\"when\":\"debugUx == 'default'\"},{\"when\":\"debugUx == 'default'\"},{\"when\":\"debugUx == 'default'\"},{\"when\":\"loadedScriptsSupported && debugUx == 'default'\"},{\"when\":\"breakpointsExist || debugUx == 'default'\"}]},{\"id\":\"workbench.view.remote\",\"themeIcon\":{\"id\":\"remote-explorer-view-icon\"},\"name\":\"Remote Explorer\",\"views\":[]},{\"id\":\"workbench.view.extensions\",\"themeIcon\":{\"id\":\"extensions-view-icon\"},\"name\":\"Extensions\",\"views\":[{\"when\":\"defaultExtensionViews && hasInstalledWebExtensions\"},{\"when\":\"defaultExtensionViews && !hasInstalledExtensions\"},{\"when\":\"defaultExtensionViews && hasInstalledExtensions\"},{\"when\":\"recommendedExtensions && workbenchState != 'empty'\"},{\"when\":\"defaultExtensionViews && !hasInstalledExtensions\"},{\"when\":\"recommendedExtensions\"},{\"when\":\"defaultExtensionViews && !config.extensions.showRecommendationsOnlyOnDemand\"},{\"when\":\"searchMarketplaceExtensions\"},{\"when\":\"searchInstalledExtensions\"},{\"when\":\"searchEnabledExtensions\"},{\"when\":\"searchDisabledExtensions\"},{\"when\":\"searchOutdatedExtensions\"},{\"when\":\"searchBuiltInExtensions\"},{\"when\":\"builtInExtensions\"},{\"when\":\"builtInExtensions\"},{\"when\":\"builtInExtensions\"}]}]"],["workbench.view.debug.state.hidden","[{\"id\":\"workbench.debug.welcome\",\"isHidden\":false},{\"id\":\"workbench.debug.variablesView\",\"isHidden\":false},{\"id\":\"workbench.debug.watchExpressionsView\",\"isHidden\":false},{\"id\":\"workbench.debug.callStackView\",\"isHidden\":false},{\"id\":\"workbench.debug.loadedScriptsView\",\"isHidden\":false},{\"id\":\"workbench.debug.breakPointsView\",\"isHidden\":false}]"],["releaseNotes/lastVersion","1.52.1"],["storage.serviceMachineId","3e750d44-b9f1-41b9-b2d5-23a591cf79e7"],["extensions.ignoredAutoUpdateExtension","[]"],["memento/customEditors","{\"editors\":[{\"id\":\"imagePreview.previewEditor\",\"displayName\":\"Image Preview\",\"providerDisplayName\":\"Built-in\",\"priority\":\"builtin\",\"selector\":[{\"filenamePattern\":\"*.{jpg,jpe,jpeg,png,bmp,gif,ico,webp}\"}]},{\"id\":\"vscode.markdown.preview.editor\",\"displayName\":\"Markdown Preview (Experimental)\",\"providerDisplayName\":\"Built-in\",\"priority\":\"option\",\"selector\":[{\"filenamePattern\":\"*.md\"}]}]}"],["workbench.panel.pinnedPanels","[{\"id\":\"workbench.panel.markers\",\"name\":\"Problems\",\"pinned\":true,\"order\":0,\"visible\":true},{\"id\":\"workbench.panel.output\",\"name\":\"Output\",\"pinned\":true,\"order\":1,\"visible\":true},{\"id\":\"workbench.panel.repl\",\"name\":\"Debug Console\",\"pinned\":true,\"order\":2,\"visible\":false},{\"id\":\"terminal\",\"name\":\"Terminal\",\"pinned\":true,\"order\":3,\"visible\":true},{\"id\":\"refactorPreview\",\"name\":\"Refactor Preview\",\"pinned\":true,\"visible\":false}]"],["memento/notebookEditors","{\"editors\":[]}"],["productIconThemeData","{\"id\":\"\",\"label\":\"Default\",\"settingsId\":\"Default\",\"watch\":false}"],["colorThemeData","{\"id\":\"vs vscode-theme-defaults-themes-light_plus-json\",\"label\":\"Light+ (default light)\",\"settingsId\":\"Default Light+\",\"themeTokenColors\":[{\"settings\":{\"foreground\":\"#000000ff\"},\"scope\":[\"meta.embedded\",\"source.groovy.embedded\"]},{\"settings\":{\"fontStyle\":\"italic\"},\"scope\":\"emphasis\"},{\"settings\":{\"fontStyle\":\"bold\"},\"scope\":\"strong\"},{\"settings\":{\"foreground\":\"#000080\"},\"scope\":\"meta.diff.header\"},{\"settings\":{\"foreground\":\"#008000\"},\"scope\":\"comment\"},{\"settings\":{\"foreground\":\"#0000ff\"},\"scope\":\"constant.language\"},{\"settings\":{\"foreground\":\"#098658\"},\"scope\":[\"constant.numeric\",\"variable.other.enummember\",\"keyword.operator.plus.exponent\",\"keyword.operator.minus.exponent\"]},{\"settings\":{\"foreground\":\"#811f3f\"},\"scope\":\"constant.regexp\"},{\"settings\":{\"foreground\":\"#800000\"},\"scope\":\"entity.name.tag\"},{\"settings\":{\"foreground\":\"#800000\"},\"scope\":\"entity.name.selector\"},{\"settings\":{\"foreground\":\"#ff0000\"},\"scope\":\"entity.other.attribute-name\"},{\"settings\":{\"foreground\":\"#800000\"},\"scope\":[\"entity.other.attribute-name.class.css\",\"entity.other.attribute-name.class.mixin.css\",\"entity.other.attribute-name.id.css\",\"entity.other.attribute-name.parent-selector.css\",\"entity.other.attribute-name.pseudo-class.css\",\"entity.other.attribute-name.pseudo-element.css\",\"source.css.less entity.other.attribute-name.id\",\"entity.other.attribute-name.scss\"]},{\"settings\":{\"foreground\":\"#cd3131\"},\"scope\":\"invalid\"},{\"settings\":{\"fontStyle\":\"underline\"},\"scope\":\"markup.underline\"},{\"settings\":{\"fontStyle\":\"bold\",\"foreground\":\"#000080\"},\"scope\":\"markup.bold\"},{\"settings\":{\"fontStyle\":\"bold\",\"foreground\":\"#800000\"},\"scope\":\"markup.heading\"},{\"settings\":{\"fontStyle\":\"italic\"},\"scope\":\"markup.italic\"},{\"settings\":{\"foreground\":\"#098658\"},\"scope\":\"markup.inserted\"},{\"settings\":{\"foreground\":\"#a31515\"},\"scope\":\"markup.deleted\"},{\"settings\":{\"foreground\":\"#0451a5\"},\"scope\":\"markup.changed\"},{\"settings\":{\"foreground\":\"#0451a5\"},\"scope\":[\"punctuation.definition.quote.begin.markdown\",\"punctuation.definition.list.begin.markdown\"]},{\"settings\":{\"foreground\":\"#800000\"},\"scope\":\"markup.inline.raw\"},{\"settings\":{\"foreground\":\"#800000\"},\"scope\":\"punctuation.definition.tag\"},{\"settings\":{\"foreground\":\"#0000ff\"},\"scope\":[\"meta.preprocessor\",\"entity.name.function.preprocessor\"]},{\"settings\":{\"foreground\":\"#a31515\"},\"scope\":\"meta.preprocessor.string\"},{\"settings\":{\"foreground\":\"#098658\"},\"scope\":\"meta.preprocessor.numeric\"},{\"settings\":{\"foreground\":\"#0451a5\"},\"scope\":\"meta.structure.dictionary.key.python\"},{\"settings\":{\"foreground\":\"#0000ff\"},\"scope\":\"storage\"},{\"settings\":{\"foreground\":\"#0000ff\"},\"scope\":\"storage.type\"},{\"settings\":{\"foreground\":\"#0000ff\"},\"scope\":[\"storage.modifier\",\"keyword.operator.noexcept\"]},{\"settings\":{\"foreground\":\"#a31515\"},\"scope\":[\"string\",\"meta.embedded.assembly\"]},{\"settings\":{\"foreground\":\"#0000ff\"},\"scope\":[\"string.comment.buffered.block.pug\",\"string.quoted.pug\",\"string.interpolated.pug\",\"string.unquoted.plain.in.yaml\",\"string.unquoted.plain.out.yaml\",\"string.unquoted.block.yaml\",\"string.quoted.single.yaml\",\"string.quoted.double.xml\",\"string.quoted.single.xml\",\"string.unquoted.cdata.xml\",\"string.quoted.double.html\",\"string.quoted.single.html\",\"string.unquoted.html\",\"string.quoted.single.handlebars\",\"string.quoted.double.handlebars\"]},{\"settings\":{\"foreground\":\"#811f3f\"},\"scope\":\"string.regexp\"},{\"settings\":{\"foreground\":\"#0000ff\"},\"scope\":[\"punctuation.definition.template-expression.begin\",\"punctuation.definition.template-expression.end\",\"punctuation.section.embedded\"]},{\"settings\":{\"foreground\":\"#000000\"},\"scope\":[\"meta.template.expression\"]},{\"settings\":{\"foreground\":\"#0451a5\"},\"scope\":[\"support.constant.property-value\",\"support.constant.font-name\",\"support.constant.media-type\",\"support.constant.media\",\"constant.other.color.rgb-value\",\"constant.other.rgb-value\",\"support.constant.color\"]},{\"settings\":{\"foreground\":\"#ff0000\"},\"scope\":[\"support.type.vendored.property-name\",\"support.type.property-name\",\"variable.css\",\"variable.scss\",\"variable.other.less\",\"source.coffee.embedded\"]},{\"settings\":{\"foreground\":\"#0451a5\"},\"scope\":[\"support.type.property-name.json\"]},{\"settings\":{\"foreground\":\"#0000ff\"},\"scope\":\"keyword\"},{\"settings\":{\"foreground\":\"#0000ff\"},\"scope\":\"keyword.control\"},{\"settings\":{\"foreground\":\"#000000\"},\"scope\":\"keyword.operator\"},{\"settings\":{\"foreground\":\"#0000ff\"},\"scope\":[\"keyword.operator.new\",\"keyword.operator.expression\",\"keyword.operator.cast\",\"keyword.operator.sizeof\",\"keyword.operator.alignof\",\"keyword.operator.typeid\",\"keyword.operator.alignas\",\"keyword.operator.instanceof\",\"keyword.operator.logical.python\",\"keyword.operator.wordlike\"]},{\"settings\":{\"foreground\":\"#098658\"},\"scope\":\"keyword.other.unit\"},{\"settings\":{\"foreground\":\"#800000\"},\"scope\":[\"punctuation.section.embedded.begin.php\",\"punctuation.section.embedded.end.php\"]},{\"settings\":{\"foreground\":\"#0451a5\"},\"scope\":\"support.function.git-rebase\"},{\"settings\":{\"foreground\":\"#098658\"},\"scope\":\"constant.sha.git-rebase\"},{\"settings\":{\"foreground\":\"#000000\"},\"scope\":[\"storage.modifier.import.java\",\"variable.language.wildcard.java\",\"storage.modifier.package.java\"]},{\"settings\":{\"foreground\":\"#0000ff\"},\"scope\":\"variable.language\"},{\"settings\":{\"foreground\":\"#795E26\"},\"scope\":[\"entity.name.function\",\"support.function\",\"support.constant.handlebars\",\"source.powershell variable.other.member\",\"entity.name.operator.custom-literal\"]},{\"settings\":{\"foreground\":\"#267f99\"},\"scope\":[\"meta.return-type\",\"support.class\",\"support.type\",\"entity.name.type\",\"entity.name.namespace\",\"entity.other.attribute\",\"entity.name.scope-resolution\",\"entity.name.class\",\"storage.type.numeric.go\",\"storage.type.byte.go\",\"storage.type.boolean.go\",\"storage.type.string.go\",\"storage.type.uintptr.go\",\"storage.type.error.go\",\"storage.type.rune.go\",\"storage.type.cs\",\"storage.type.generic.cs\",\"storage.type.modifier.cs\",\"storage.type.variable.cs\",\"storage.type.annotation.java\",\"storage.type.generic.java\",\"storage.type.java\",\"storage.type.object.array.java\",\"storage.type.primitive.array.java\",\"storage.type.primitive.java\",\"storage.type.token.java\",\"storage.type.groovy\",\"storage.type.annotation.groovy\",\"storage.type.parameters.groovy\",\"storage.type.generic.groovy\",\"storage.type.object.array.groovy\",\"storage.type.primitive.array.groovy\",\"storage.type.primitive.groovy\"]},{\"settings\":{\"foreground\":\"#267f99\"},\"scope\":[\"meta.type.cast.expr\",\"meta.type.new.expr\",\"support.constant.math\",\"support.constant.dom\",\"support.constant.json\",\"entity.other.inherited-class\"]},{\"settings\":{\"foreground\":\"#AF00DB\"},\"scope\":[\"keyword.control\",\"source.cpp keyword.operator.new\",\"source.cpp keyword.operator.delete\",\"keyword.other.using\",\"keyword.other.operator\",\"entity.name.operator\"]},{\"settings\":{\"foreground\":\"#001080\"},\"scope\":[\"variable\",\"meta.definition.variable.name\",\"support.variable\",\"entity.name.variable\"]},{\"settings\":{\"foreground\":\"#0070C1\"},\"scope\":[\"variable.other.constant\",\"variable.other.enummember\"]},{\"settings\":{\"foreground\":\"#001080\"},\"scope\":[\"meta.object-literal.key\"]},{\"settings\":{\"foreground\":\"#0451a5\"},\"scope\":[\"support.constant.property-value\",\"support.constant.font-name\",\"support.constant.media-type\",\"support.constant.media\",\"constant.other.color.rgb-value\",\"constant.other.rgb-value\",\"support.constant.color\"]},{\"settings\":{\"foreground\":\"#d16969\"},\"scope\":[\"punctuation.definition.group.regexp\",\"punctuation.definition.group.assertion.regexp\",\"punctuation.definition.character-class.regexp\",\"punctuation.character.set.begin.regexp\",\"punctuation.character.set.end.regexp\",\"keyword.operator.negation.regexp\",\"support.other.parenthesis.regexp\"]},{\"settings\":{\"foreground\":\"#811f3f\"},\"scope\":[\"constant.character.character-class.regexp\",\"constant.other.character-class.set.regexp\",\"constant.other.character-class.regexp\",\"constant.character.set.regexp\"]},{\"settings\":{\"foreground\":\"#000000\"},\"scope\":\"keyword.operator.quantifier.regexp\"},{\"settings\":{\"foreground\":\"#EE0000\"},\"scope\":[\"keyword.operator.or.regexp\",\"keyword.control.anchor.regexp\"]},{\"settings\":{\"foreground\":\"#0000ff\"},\"scope\":\"constant.character\"},{\"settings\":{\"foreground\":\"#EE0000\"},\"scope\":\"constant.character.escape\"},{\"settings\":{\"foreground\":\"#000000\"},\"scope\":\"entity.name.label\"}],\"semanticTokenRules\":[{\"_selector\":\"newOperator\",\"_style\":{\"_foreground\":\"#0000ff\",\"_bold\":null,\"_underline\":null,\"_italic\":null}},{\"_selector\":\"stringLiteral\",\"_style\":{\"_foreground\":\"#a31515\",\"_bold\":null,\"_underline\":null,\"_italic\":null}},{\"_selector\":\"customLiteral\",\"_style\":{\"_foreground\":\"#000000\",\"_bold\":null,\"_underline\":null,\"_italic\":null}},{\"_selector\":\"numberLiteral\",\"_style\":{\"_foreground\":\"#098658\",\"_bold\":null,\"_underline\":null,\"_italic\":null}},{\"_selector\":\"newOperator\",\"_style\":{\"_foreground\":\"#af00db\",\"_bold\":null,\"_underline\":null,\"_italic\":null}},{\"_selector\":\"stringLiteral\",\"_style\":{\"_foreground\":\"#a31515\",\"_bold\":null,\"_underline\":null,\"_italic\":null}},{\"_selector\":\"customLiteral\",\"_style\":{\"_foreground\":\"#795e26\",\"_bold\":null,\"_underline\":null,\"_italic\":null}},{\"_selector\":\"numberLiteral\",\"_style\":{\"_foreground\":\"#098658\",\"_bold\":null,\"_underline\":null,\"_italic\":null}}],\"extensionData\":{\"_extensionId\":\"vscode.theme-defaults\",\"_extensionIsBuiltin\":true,\"_extensionName\":\"theme-defaults\",\"_extensionPublisher\":\"vscode\"},\"themeSemanticHighlighting\":true,\"colorMap\":{\"editor.background\":\"#ffffff\",\"editor.foreground\":\"#000000\",\"editor.inactiveSelectionBackground\":\"#e5ebf1\",\"editorIndentGuide.background\":\"#d3d3d3\",\"editorIndentGuide.activeBackground\":\"#939393\",\"editor.selectionHighlightBackground\":\"#add6ff80\",\"editorSuggestWidget.background\":\"#f3f3f3\",\"activityBarBadge.background\":\"#007acc\",\"sideBarTitle.foreground\":\"#6f6f6f\",\"list.hoverBackground\":\"#e8e8e8\",\"input.placeholderForeground\":\"#767676\",\"searchEditor.textInputBorder\":\"#cecece\",\"settings.textInputBorder\":\"#cecece\",\"settings.numberInputBorder\":\"#cecece\",\"statusBarItem.remoteForeground\":\"#ffffff\",\"statusBarItem.remoteBackground\":\"#16825d\",\"sideBarSectionHeader.background\":\"#00000000\",\"sideBarSectionHeader.border\":\"#61616130\",\"tab.lastPinnedBorder\":\"#61616130\",\"notebook.cellBorderColor\":\"#e8e8e8\",\"statusBarItem.errorBackground\":\"#c72e0f\"},\"watch\":false}"]]