{"vs/base/common/actions":["(boş)"],"vs/base/common/date":["{0} içinde","şimdi","{0} saniye önce","{0} saniye önce","{0} saniye","{0} saniye","{0} dakika önce","{0} dakika önce","{0} dakika","{0} dakika","{0} saat önce","{0} saat önce","{0} saat","{0} saat","{0} gün önce","{0} gün önce","{0} gün","{0} gün","{0} hafta önce","{0} hafta önce","{0} hafta","{0} hafta","{0} ay önce","{0} ay önce","{0} ay","{0} ay","{0} yıl önce","{0} yıl önce","{0} yıl","{0} yıl"],"vs/base/common/errorMessage":["{0}: {1}","Sistem hatası oluştu ({0})","Beklenmeyen bir hata oluştu. Daha fazla ayrıntı için lütfen günlüğe bakın.","Beklenmeyen bir hata oluştu. Daha fazla ayrıntı için lütfen günlüğe bakın.","{0} (toplam {1} hata)","Beklenmeyen bir hata oluştu. Daha fazla ayrıntı için lütfen günlüğe bakın."],"vs/base/common/jsonErrorMessages":["Geçersiz sembol","Geçersiz sayı biçimi","Özellik adı bekleniyor","Değer bekleniyor","İki nokta üst üste bekleniyor","Virgül bekleniyor","Kapatma küme ayracı bekleniyor","Kapatma köşeli ayracı bekleniyor","Dosya sonu bekleniyor"],"vs/base/node/processes":["UNC sürücüsü üzerinde kabuk komutu yürütülemez."],"vs/base/node/zip":["{0} ayıklanırken hata oluştu. Geçersiz dosya.","Eksik {1} girişten {0} tanesi bulundu","{0}, ZIP içinde bulunamadı."],"vs/code/node/cliProcessMain":["'{0}' uzantısı bulunamadı.","'{0}' uzantısı yüklü değil.","Yayımcı dahil olmak üzere tam uzantı kimliğini kullandığınızdan emin olun (ör. {0})","Uzantılar yükleniyor...","'{0}' v{1} uzantısı zaten yüklü. En son sürüme güncelleştirmek için '--force' seçeneğini kullanın veya belirli bir sürümü (ör. '{2}@1.2.3') yüklemek için '@<sürüm>' belirtin.","'{0}' uzantısı zaten yüklü.","Uzantılar yüklenemedi: {0}","'{0}' uzantısı başarıyla yüklendi.","'{0}' uzantısını yükleme işlemi iptal edildi.","'{0}' uzantısı zaten yüklü.","'{0}' uzantısı {1} sürümüne güncelleştiriliyor","'{0}' v{1} yerleşik uzantısı yükleniyor...","'{0}' v{1} uzantısı yükleniyor...","'{0}' v{1} uzantısı başarıyla yüklendi.","'{0}' uzantısını yükleme işlemi iptal edildi.","'{0}' v{1} uzantısının yeni sürümü zaten yüklü. Eski sürüme düşürmek için '--force' seçeneğini kullanın.","'{0}' uzantısı Yerleşik bir uzantı olduğundan yüklenemez","'{0}' uzantısı, kullanıcı tarafından Yerleşik uzantı olarak işaretlendi. Uzantıyı kaldırmak için lütfen '--force' seçeneğini kullanın.","{0} kaldırılıyor...","'{0}' uzantısı başarıyla kaldırıldı!"],"vs/platform/configuration/common/configurationRegistry":["Varsayılan Dil Yapılandırması Geçersiz Kılmaları","{0} dili için geçersiz kılınacak ayarları yapılandırın.","Bir dil için geçersiz kılınacak düzenleyici ayarlarını yapılandırın.","Bu ayar, dile özel yapılandırmayı desteklemez.","Boş bir özellik kaydedilemez","'{0}' kaydedilemiyor. Bu, dile özgü düzenleyici ayarlarını açıklayan '\\\\[.* \\\\]$' özellik deseniyle eşleşiyor. 'configurationDefaults' katkısını kullanın.","'{0}' kaydedilemiyor. Bu özellik zaten kayıtlı."],"vs/platform/extensionManagement/common/extensionManagement":["Uzantılar","Tercihler"],"vs/platform/extensionManagement/node/extensionManagementService":["VS Code '{1}' ile uyumlu olmadığından '{0}' uzantısı yüklenemiyor.","{0} öğesini yeniden yüklemeden önce lütfen VS Code'u yeniden başlatın.","{0} öğesini yeniden yüklemeden önce lütfen VS Code'u yeniden başlatın.","Market etkin değil","Sorunlu olduğu bildirildiğinden uzantı yüklenemiyor.","'{0}' uzantısı, geçerli VS Code sürümü (sürüm {1}) ile uyumlu olmadığından yüklenemiyor.","Market etkin değil","Yalnızca Market Uzantıları yeniden yüklenebilir","{0} uzantısı kaldırılırken hata oluştu. Yeniden denemeden önce lütfen VS Code'u kapatıp tekrar başlatın.","Uzantı yüklenemiyor. Yeniden yüklemeden önce lütfen VS Code'u kapatıp tekrar başlatın.","Uzantı yüklenemiyor. Yeniden yüklemeden önce lütfen VS Code'u kapatıp tekrar başlatın.","'{0}' uzantısı yüklü değil.","'{0}' uzantısı kaldırılamıyor. '{1}' uzantısı bu uzantıya bağımlı.","'{0}' uzantısı kaldırılamıyor. '{1}' ve '{2}' uzantıları bu uzantıya bağımlı.","'{0}' uzantısı kaldırılamıyor. '{1}' ve '{2}' uzantıları ve başka uzantılar bu uzantıya bağımlı.","'{0}' uzantısı kaldırılamıyor. '{1}' uzantısının kaldırılmasını içeriyor ancak '{2}' uzantısı buna bağlı.","'{0}' uzantısı kaldırılamıyor. '{1}' uzantısının kaldırılmasını içeriyor ancak '{2}' ve '{3}' uzantıları buna bağlı.","'{0}' uzantısı kaldırılamıyor. '{1}' uzantısının kaldırılmasını içeriyor ancak '{2}', '{3}' ve diğer uzantılar buna bağlı.","Uzantı bulunamadı"],"vs/platform/extensionManagement/node/extensionManagementUtil":["VSIX geçersiz: package.json bir JSON dosyası değil."],"vs/platform/extensionManagement/node/extensionsScanner":["'{1}' uzantısı yüklenirken mevcut '{0}' klasörü silinemiyor. Lütfen klasörü el ile silip yeniden deneyin","Uzantı, {0} konumundan okunamıyor","{0}, {1} olarak yeniden adlandırılırken bilinmeyen hata oluştu","Uzantı geçersiz: package.json bir JSON dosyası değil."],"vs/platform/extensions/common/extensionValidator":["`engines.vscode` değeri {0} ayrıştırılamadı. Lütfen ^1.22.0, ^1.22.x gibi bir değer kullanın.","`engines.vscode` ({0}) içinde belirtilen sürüm yeterince açık değil. 1.0.0'den önceki vscode sürümleri için lütfen istenen birincil ve ikincil sürümü belirtin. Örneğin ^0.10.0, 0.10.x, 0.11.0 vb.","`engines.vscode` ({0}) içinde belirtilen sürüm yeterince açık değil. 1.0.0 sonrası vscode sürümleri için lütfen en azından istenen birincil sürümü tanımlayın. Örneğin ^1.10.0, 1.10.x, 1.x.x, 2.x.x vb.","Uzantı {0} Koduyla uyumlu değil. Uzantı şunları gerektiriyor: {1}."],"vs/platform/files/common/fileService":["'{0}' göreli dosya yoluna sahip dosya sistemi sağlayıcısı çözümlenemiyor","'{0}' kaynağı için dosya sistemi sağlayıcısı bulunamadı","Var olmayan '{0}' dosyası çözümlenemiyor","Zaten var olan '{0}' dosyası, üzerine yazma bayrağı ayarlanmadığından oluşturulamıyor","'{0}' ({1}) dosyası yazılamıyor","Aslında bir dizin olan '{0}' dosyasına yazılamıyor","Dosya Şu Tarihten Sonra Değiştirildi","'{0}' ({1}) dosyası okunamıyor","'{0}' ({1}) dosyası okunamıyor","'{0}' ({1}) dosyası okunamıyor","'{0}' dosyası aslında bir dizin olduğundan okunamıyor","Dosya şu tarihten sonra değiştirilmedi","Açılamayacak kadar büyük olan '{0}' dosyası okunamıyor","'{0}' kaynağı, büyük/küçük harfe duyarsız bir dosya sisteminde büyük/küçük harfleri farklı bir yoldaki '{1}' hedefiyle aynı olduğunda kopyalanamaz","'{0}' kaynağı '{1}' hedefinin üst öğesi olduğundan taşıma/kopyalama işlemi yapılamıyor.","'{1}' hedefte zaten mevcut olduğundan, '{0}' taşınamıyor/kopyalanamıyor.","Dosya kendisini içeren klasörün yerine geçeceğinden '{0}', '{1}' içine taşınamıyor/kopyalanamıyor.","Zaten var olan ancak bir dizin olmayan '{0}' klasörü oluşturulamıyor","Sağlayıcı tarafından desteklenmediği için '{0}' dosyası, çöpe atılarak silinemiyor.","Mevcut olmayan '{0}' dosyası silinemiyor","Boş olmayan '{0}' klasörü silinemiyor.","'{0}' adlı salt okunur dosyada değişiklik yapılamıyor"],"vs/platform/files/common/files":["Bilinmeyen Hata","{0} Bayt","{0} KB","{0} MB","{0} GB","{0} TB"],"vs/platform/files/common/io":["Bu boyuttaki bir dosyayı açmak için yeniden başlatmanız ve dosyaya daha fazla bellek kullanma izni vermeniz gerekir","Dosya açılamayacak kadar büyük"],"vs/platform/files/node/diskFileSystemProvider":["Dosya zaten var","Dosya yok","'{0}', '{1}' ({2}) içine taşınamıyor.","'{0}', '{1}' ({2}) içine kopyalanamıyor.","'Dosya, büyük/küçük harfleri farklı olan aynı yola kopyalanamaz","Hedefte dosya zaten var"],"vs/platform/request/common/request":["HTTP","Kullanılacak ara sunucu ayarı. Ayarlanmamışsa, `http_proxy` ve `https_proxy` ortam değişkenlerinden devralınır.","Ara sunucu sertifikasının sağlanan CA listesine göre doğrulanıp doğrulanmayacağını denetler.","Her ağ isteği için `Proxy-Authorization` üst bilgisi olarak gönderilecek değer.","Uzantılar için ara sunucu desteğini devre dışı bırak.","Uzantılar için ara sunucu desteğini etkinleştir.","Uzantılar için ara sunucu desteğini etkinleştir, istek seçeneklerini geçersiz kıl.","Uzantılar için ara sunucu desteğini kullan.","CA sertifikalarının işletim sisteminden mi yükleneceğini denetler. (Windows ve macOS üzerinde, bu ayar kapatıldıktan sonra pencerenin yeniden yüklenmesi gerekir.)"],"vs/platform/telemetry/common/telemetryService":["Telemetri","Kullanım verilerinin ve hataların bir Microsoft çevrimiçi hizmetine gönderilmesini etkinleştir.","Kullanım verilerinin ve hatalarının bir Microsoft çevrimiçi hizmetine gönderilmesini etkinleştirin. [Buradaki]({0}) gizlilik bildirimimizi okuyun."],"vs/platform/workspaces/common/workspaces":["Kod Çalışma Alanı"],"vs/server/node/marketplace":["Error extracting {0}. Invalid file."],"vs/server/node/server":["Home"],"vs/workbench/common/editor":["{0} - {1}","{0}, önizleme","{0}, sabitlendi"],"vs/workbench/contrib/terminal/common/terminal":["Terminal","Terminal işlevselliğine katkıda bulunur.","Kullanıcının oluşturabileceği ek terminal türlerini tanımlar.","Kullanıcı bu tür bir terminal oluşturduğunda yürütülecek komut.","Bu terminal türü için başlık."],"vs/workbench/contrib/terminal/node/terminalProcess":["\"{0}\" başlangıç dizini (cwd) bir dizin değil","\"{0}\" başlangıç dizini (cwd) yok","\"{0}\" kabuk yürütülebilir dosyasının yolu bir symlink dosyası değil","\"{0}\" kabuk yürütülebilir dosyasının yolu yok"],"vs/workbench/services/configurationResolver/common/variableResolver":["{0} değişkeni çözümlenemiyor. Lütfen bir düzenleyici açın.","{0} değişkeni: '{1}' çalışma alanı klasörü bulunamıyor.","{0} değişkeni çözümlenemiyor. Böyle bir '{1}' klasörü yok.","{0} değişkeni, çok klasörlü bir çalışma alanında çözümlenemiyor. Bu değişkenin kapsamını ':' ve bir çalışma alanı klasör adı kullanarak belirtin.","{0} değişkeni çözümlenemiyor. Lütfen bir klasör açın.","Ortam değişkeni adı verilmediğinden {0} değişkeni çözümlenemiyor.","'{1}' ayarı bulunamadığından {0} değişkeni çözümlenemiyor.","'{1}' yapılandırılmış bir değer olduğundan {0} değişkeni çözümlenemiyor.","Ayar adı verilmediğinden {0} değişkeni çözümlenemiyor.","{0} değişkeni çözümlenemiyor. Etkin düzenleyicide bir satırın seçili olduğundan emin olun.","{0} değişkeni çözümlenemiyor. Etkin düzenleyicide seçili metin olduğundan emin olun.","Komutun değeri olmadığından {0} değişkeni çözümlenemiyor."],"vs/workbench/services/extensions/node/extensionPoints":["{0} bildirim dosyası geçersiz: JSON nesnesi değil.","{0} ayrıştırılamadı: [{1}, {2}] {3}.","'{0}' dosyası okunamıyor: {1}.","{0} ayrıştırılamadı: {1}.","Geçersiz biçim {0}: JSON nesnesi bekleniyor.","{0} tuşu için ileti bulunamadı.","Uzantı sürümü semver uyumlu değil.","Boş uzantı açıklaması alındı","özellik yayımcısı `string` türünde olmalıdır.","`{0}` özelliği zorunludur ve `string` türünde olmalıdır","`{0}` özelliği zorunludur ve `string` türünde olmalıdır","`{0}` özelliği zorunludur ve `object` türünde olması gerekir","`{0}` özelliği zorunludur ve `string` türünde olmalıdır","`{0}` özelliği atlanamaz veya `string[]` türünde olmalıdır","`{0}` özelliği atlanamaz veya `string[]` türünde olmalıdır","`{0}` ve `{1}` özelliklerinin ikisi de belirtilmeli ya da ikisi de atlanmalıdır","`{0}` özelliği atlanabilir veya `string` türünde olması gerekir","`main` ({0}) öğesinin uzantının klasörünün ({1}) içine eklenmiş olması bekleniyordu. Bu, uzantıyı taşınamaz hale getirebilir.","`{0}` ve `{1}` özelliklerinin ikisi de belirtilmeli ya da ikisi de atlanmalıdır","`{0}` özelliği atlanabilir veya `string` türünde olmalıdır","`browser` ({0}) öğesinin uzantının klasörü ({1}) içine eklenmiş olması bekleniyordu. Bu, eklentiyi taşınamaz hale getirebilir.","`{0}` ve `{1}` özelliklerinin ikisi birden belirtilmeli veya ikisi birden atlanmalıdır"]}