{"vs/base/common/codicons":["Açılır düğmelerin simgesi."],"vs/base/common/date":["{0} içinde","şimdi","{0} saniye önce","{0} saniye önce","{0} saniye","{0} saniye","{0} dakika önce","{0} dakika önce","{0} dakika","{0} dakika","{0} saat önce","{0} saat önce","{0} saat","{0} saat","{0} gün önce","{0} gün önce","{0} gün","{0} gün","{0} hafta önce","{0} hafta önce","{0} hafta","{0} hafta","{0} ay önce","{0} ay önce","{0} ay","{0} ay","{0} yıl önce","{0} yıl önce","{0} yıl","{0} yıl"],"vs/base/common/errorMessage":["{0}: {1}","Sistem hatası oluştu ({0})","Beklenmeyen bir hata oluştu. Daha fazla ayrıntı için lütfen günlüğe bakın.","Beklenmeyen bir hata oluştu. Daha fazla ayrıntı için lütfen günlüğe bakın.","{0} (toplam {1} hata)","Beklenmeyen bir hata oluştu. Daha fazla ayrıntı için lütfen günlüğe bakın."],"vs/base/node/processes":["UNC sürücüsü üzerinde kabuk komutu yürütülemez."],"vs/editor/common/config/editorOptions":["Düzenleyici, bir Ekran Okuyucunun ekli olduğunu algılamak için platform API'lerini kullanır.","Düzenleyici, Ekran Okuyucuyla kullanım için kalıcı olarak iyileştirilir. Sözcük kaydırma devre dışı bırakılacak.","Düzenleyici hiçbir zaman bir Ekran Okuyucu ile kullanım için iyileştirilmez.","Düzenleyicinin ekran okuyucular için iyileştirilmiş bir modda çalışıp çalışmayacağını denetler. Açık olarak ayarlamak, sözcük kaydırmayı devre dışı bırakır.","Açıklama yazılırken bir boşluk karakteri eklenip eklenmeyeceğini denetler.","Satır açıklamaları için açma/kapama, ekleme veya kaldırma eylemlerinde boş satırların yoksayılıp yoksayılmayacağını denetler.","Seçmeden kopyalamanın geçerli satırı mı kopyalayacağını denetler.","Yazma sırasında imlecin eşleşme bulmak için atlayıp atlamayacağını denetler.","Bulma Pencere Öğesi içindeki arama dizesinin düzenleyici seçiminden alınıp alınmayacağını denetler.","Seçimde bulmayı hiçbir zaman otomatik olarak açma (varsayılan)","Seçimde bul'u her zaman otomatik olarak aç","Birden çok içerik satırı seçildiğinde Seçimde bul'u otomatik olarak aç.","Seçimde bulmayı otomatik olarak açmak için koşulu denetler.","Bulma Pencere Öğesinin macOS'te paylaşılan bulma panosunu okuyup okumayacağını denetler.","Bulma Pencere Öğesinin düzenleyicinin en üstüne ek satırlar ekleyip eklemeyeceğini denetler. Değeri true olduğunda, Bulma Pencere Öğesi görünürken ekranı ilk satırın ötesine kaydırabilirsiniz.","Daha fazla eşleşme bulunamazsa aramanın baştan (veya sondan) otomatik olarak yeniden başlatılmasını denetler.","Yazı tipi ligatürleri ('calt' ve 'liga' yazı tipi özellikleri) etkinleştirir/devre dışı bırakır. 'font-feature-settings' CSS özelliğinin ayrıntılı denetimi için bunu bir dizeye çevirin.","Açık 'font-feature-settings' CSS özelliği. Yalnızca ligatürlerin açılması/kapatılması gerekiyorsa bunun yerine bir boole geçirilebilir.","Yazı tipi ligatürleri veya yazı tipi özelliklerini yapılandırır. Ligatürleri etkinleştirmek/devre dışı bırakmak için boole veya CSS 'font-feature-settings' özelliğinin değeri için dize olabilir.","Piksel cinsinden yazı tipi boyutunu denetler.","Yalnızca \"normal\" ve \"bold\" anahtar sözcükleri veya 1 ile 1000 arasında sayılar kullanılabilir.","Yazı tipi kalınlığını denetler. \"normal\" ve \"bold\" anahtar sözcüklerini ya da 1 ile 1000 arasında sayıları kabul eder.","Sonuçların göz atma görünümünü göster (varsayılan)","Birincil sonuca git ve göz atma görünümü göster","Birincil sonuca git ve diğerlerinde göz atmasız gezintiyi etkinleştir","Bu ayar kullanım dışı. Bunun yerine lütfen 'editor.editor.gotoLocation.multipleDefinitions' veya 'editor.editor.gotoLocation.multipleImplementations' gibi ayrı ayarları kullanın.","Birden çok hedef konum mevcut olduğunda 'Tanıma Git' komutunun davranışını denetler.","Birden çok hedef konum mevcut olduğunda 'Tür Tanımına Git' komutunun davranışını denetler.","Birden çok hedef konum mevcut olduğunda 'Bildirime Git' komutunun davranışını denetler.","Birden çok hedef konum mevcut olduğunda 'Uygulamaya Git' komutunun davranışını denetler.","Birden çok hedef konum mevcut olduğunda 'Başvurulara Git' komutunun davranışını denetler.","'Tanıma Git' işleminin sonucu geçerli konum olduğunda yürütülmekte olan alternatif komutun kimliği.","'Tür Tanımına Git' işleminin sonucu geçerli konum olduğunda yürütülmekte olan alternatif komutun kimliği.","'Bildirime Git' işleminin sonucu geçerli konum olduğunda yürütülmekte olan alternatif komutun kimliği.","'Uygulamaya Git' işleminin sonucu geçerli konum olduğunda yürütülmekte olan alternatif komutun kimliği.","'Başvuruya Git' işleminin sonucu geçerli konum olduğunda yürütülmekte olan alternatif komutun kimliği.","Vurgulamanın gösterilip gösterilmeyeceğini denetler.","Sonrasında üzerinde gezinmenin gösterileceği milisaniye cinsinden gecikmeyi denetler.","Fare ile üzerine gelindiğinde vurgulamanın görünür kalıp kalmayacağını denetler.","Düzenleyicide kod eylemi ampulünü etkinleştirir.","Satır yüksekliğini denetler. Satır yüksekliğini yazı tipi boyutundan hesaplamak için 0 kullanın.","Mini haritanın gösterilip gösterilmeyeceğini denetler.","Mini harita, düzenleyici içeriğiyle aynı boyuta sahip olur (ve kaydırılabilir).","Mini harita, düzenleyicinin yüksekliğini doldurmak için gerektiği gibi genişler veya daralır (kaydırma yoktur).","Mini harita, hiçbir zaman düzenleyiciden daha büyük olmamak için gerektiği kadar daralır (kaydırma yoktur).","Mini haritanın boyutunu denetler.","Mini haritanın oluşturulacağı tarafı denetler.","Mini harita kaydırıcısının ne zaman gösterileceğini denetler.","Mini harita içinde çizilen içeriğin ölçeği: 1, 2 veya 3.","Satırdaki renk blokları yerine gerçek karakterleri işleyin.","Mini haritanın genişliğini belirli sayıda sütuna kadar işlenecek şekilde sınırlayın.","Düzenleyicinin üst kenarı ile ilk satır arasındaki boşluk miktarını denetler.","Düzenleyicinin alt kenarı ile son satır arasındaki boşluk miktarını denetler.","Yazma sırasında parametre belgelerini ve tür bilgilerini gösteren bir açılır pencereyi etkinleştirir.","Parametre ipuçları menüsünde listenin sonuna ulaşıldığında menünün başına dönülmesi veya kapatılması tercihini denetler.","Dizelerin içinde hızlı önerileri etkinleştirin.","Açıklamaların içinde hızlı önerileri etkinleştirin.","Dizelerin ve açıklamaların dışında hızlı önerileri etkinleştirin.","Yazma sırasında önerilerin otomatik olarak gösterilip gösterilmeyeceğini denetler.","Satır numaraları işlenmez.","Satır numaraları mutlak sayı olarak oluşturulur.","Satır numaraları imlecin bulunduğu konuma satır cinsinden uzaklık olarak oluşturulur.","Satır numaraları 10 satırda bir işlenir.","Satır numaralarının görüntülenmesini denetler.","Bu düzenleyici cetvelinin oluşturulacağı tek aralıklı karakter sayısı.","Bu düzenleyici cetvelinin rengi.","Dikey cetvelleri belirli sayıda tek aralıklı karakterden sonra işleyin. Birden çok cetvel için birden çok değer kullanın. Dizi boşsa cetvel çizilmez.","Öneriyi imlecin sağındaki metnin üzerine yazmadan ekle.","Öneriyi ekle ve imlecin sağındaki metnin üzerine yaz.","Tamamlamalar kabul edilirken sözcüklerin üzerine yazılıp yazılmadığını denetler. Bunun bu özelliği kullanmayı kabul eden uzantılara bağlı olduğunu unutmayın.","Küçük yazım hatalarının nedeninin filtreleme ve sıralama önerileri olup olmadığını denetler.","Sıralamanın imlecin yakındaki sözcüklere öncelik verip vermeyeceğini denetler.","Hatırlanan öneri seçimlerinin birden çok çalışma alanı ve pencere arasında paylaşılıp paylaşılmayacağını denetler (`#editor.suggestSelection#` gerekir).","Etkin bir kod parçacığının hızlı önerilere engel olup olmayacağını denetler.","Önerilerde simge gösterme veya gizlemeyi denetler.","Önerilen pencere öğesinin en altındaki durum çubuğunun görünürlüğünü denetler.","Öneri ayrıntılarının, etiketle satır içi olarak mı, yoksa yalnızca ayrıntılar pencere öğesinde mi gösterileceğini denetler","Bu ayar kullanım dışı bırakıldı. Öneri pencere öğesi artık yeniden boyutlandırılabilir.","Bu ayar kullanım dışı. Bunun yerine lütfen 'editor.suggest.showKeywords' veya 'editor.suggest.showSnippets' gibi ayrı ayarları kullanın.","Etkinleştirildiğinde, IntelliSense 'method' önerilerini gösterir.","Etkinleştirildiğinde, IntelliSense 'function' önerilerini gösterir.","Etkinleştirildiğinde, IntelliSense 'constructor' önerilerini gösterir.","Etkinleştirildiğinde, IntelliSense 'field' önerilerini gösterir.","Etkinleştirildiğinde, IntelliSense 'variable' önerilerini gösterir.","Etkinleştirildiğinde, IntelliSense 'class' önerilerini gösterir.","Etkinleştirildiğinde, IntelliSense 'struct' önerilerini gösterir.","Etkinleştirildiğinde, IntelliSense 'interface' önerilerini gösterir.","Etkinleştirildiğinde, IntelliSense 'module' önerilerini gösterir.","Etkinleştirildiğinde, IntelliSense 'property' önerilerini gösterir.","Etkinleştirildiğinde, IntelliSense 'event' önerilerini gösterir.","Etkinleştirildiğinde, IntelliSense 'operator' önerilerini gösterir.","Etkinleştirildiğinde, IntelliSense 'unit' önerilerini gösterir.","Etkinleştirildiğinde, IntelliSense 'value' önerilerini gösterir.","Etkinleştirildiğinde, IntelliSense 'constant' önerilerini gösterir.","Etkinleştirildiğinde, IntelliSense 'enum' önerilerini gösterir.","Etkinleştirildiğinde, IntelliSense 'enumMember' önerilerini gösterir.","Etkinleştirildiğinde, IntelliSense 'keyword' önerilerini gösterir.","Etkinleştirildiğinde, IntelliSense 'text' önerilerini gösterir.","Etkinleştirildiğinde, IntelliSense 'color' önerilerini gösterir.","Etkinleştirildiğinde, IntelliSense 'file' önerilerini gösterir.","Etkinleştirildiğinde, IntelliSense 'reference' önerilerini gösterir.","Etkinleştirildiğinde, IntelliSense 'customcolor' önerilerini gösterir.","Etkinleştirildiğinde, IntelliSense 'folder' önerilerini gösterir.","Etkinleştirildiğinde, IntelliSense 'typeParameter' önerilerini gösterir.","Etkinleştirildiğinde, IntelliSense 'snippet' önerilerini gösterir.","Etkinleştirildiğinde, IntelliSense 'user' önerilerini gösterir.","Etkinleştirildiğinde, IntelliSense 'issues' önerilerini gösterir.","Öndeki ve sondaki boşlukların her zaman seçilip seçilmeyeceği.","İşleme karakterleri girildiğinde önerilerin kabul edilip edilmeyeceğini denetler. Örneğin, JavaScript'de noktalı virgül (';'), bir öneriyi kabul eden ve bu karakteri yazan bir işleme karakteri olabilir.","Bir öneriyi yalnızca metin değişikliği yaptığında `Enter` ile kabul edin.","'Tab' tuşuna ek olarak 'Enter' tuşu girildiğinde de önerilerin kabul edilip edilmeyeceğini denetler. Yeni satırlar ekleme ile önerileri kabul etme arasındaki belirsizlikten kaçınılmasını sağlar.","Düzenleyicideki bir ekran okuyucusu tarafından okunabilecek satır sayısını denetler. Uyarı: Varsayılandan daha büyük değerlerde bu ayarın performans üzerinde etkisi olur.","Düzenleyici içeriği","Köşeli ayraçların ne zaman otomatik kapatılacağını belirlemek için dil yapılandırmalarını kullan.","Köşeli ayraçları yalnızca imleç boşluğun sol tarafında olduğunda otomatik kapat.","Kullanıcı açma ayracı eklediğinde, düzenleyicinin ayracı otomatik olarak kapatıp kapatmayacağını denetler.","Kapatma tırnak işaretlerinin veya köşeli ayraçlarının üzerine yalnızca bunlar otomatik olarak eklendiyse yaz.","Düzenleyicinin kapatma tırnaklarının veya ayraçlarının üzerine yazıp yazmayacağını denetler.","Tekliflerin ne zaman otomatik kapatılacağını belirlemek için dil yapılandırmalarını kullan.","Tırnak işaretlerini yalnızca imleç boşluğun sol tarafında olduğunda otomatik kapat.","Kullanıcı bir açma tırnağı eklediğinde, düzenleyicinin tırnağı otomatik olarak kapatıp kapatmayacağını denetler.","Düzenleyici otomatik olarak girinti eklemez.","Düzenleyici geçerli satırın girintisini korur.","Düzenleyici geçerli satırın girintisini korur ve dilde tanımlanan ayraçlara uyar.","Düzenleyici geçerli satırın girintisini korur, dilde tanımlanan ayraçlara uyar ve dilde tanımlanan özel onEnterRules'u çağırır.","Düzenleyici geçerli satırın girintisini korur, dilde tanımlanan ayraçlara uyar, dilde tanımlanan özel onEnterRules'u çağırır ve dilde tanımlanan indentationRules'a uyar.","Kullanıcı satır yazarken, yapıştırırken, taşırken veya girintilerken düzenleyicinin girintiyi otomatik olarak ayarlayıp ayarlayamayacağını denetler.","Seçimlerin ne zaman otomatik çevreleneceğini belirlemek için dil yapılandırmalarını kullan.","Köşeli ayraçlarla değil tırnak işaretleriyle çevrele.","Tırnak işaretleriyle değil köşeli ayraçlarla çevrele.","Düzenleyicinin, tırnak işaretleri veya parantezler yazarken seçimleri otomatik olarak çevreleyip çevrelemeyeceğini denetler.","Girintileme için boşluklar kullanılırken sekme karakterlerinin seçim davranışının benzetimini yap. Seçim, sekme duraklarına göre uygulanır.","Düzenleyicinin CodeLens'i gösterip göstermediğini denetler.","CodeLens için yazı tipi ailesini denetler.","CodeLens için piksel cinsinden yazı tipi boyutunu denetler. `0` olarak ayarlandığında, `#editor.fontSize#` değerinin %90'ı kullanılır.","Düzenleyicinin satır içi renk dekoratörlerini ve renk seçiciyi işleyip işlemeyeceğini denetler.","Farenin ve tuşların seçiminin sütun seçimi yapmasını etkinleştir.","Söz dizimi vurgulamasının panoya kopyalanıp kopyalanmayacağını denetler.","İmleç animasyon stilini denetler.","Düzgün giriş işareti animasyonunun etkinleştirilip etkinleştirilmeyeceğini denetler.","İmleç stilini denetler.","İmlecin çevresindeki görünür önceki ve sondaki satırların minimum sayısını denetler. Diğer düzenleyicilerde 'scrollOff' veya 'scrollOffset' olarak bilinir.","`cursorSurroundingLines` yalnızca klavye veya API aracılığıyla tetiklendiğinde uygulanır.","`cursorSurroundingLines` her zaman uygulanır.","`cursorSurroundingLines` değerinin ne zaman uygulanacağını denetler.","`#editor.cursorStyle#` `line` olarak ayarlandığında imlecin genişliğini denetler.","Düzenleyicinin seçimlerin sürükleme ve bırakma yoluyla taşınmasına izin verip vermeyeceğini denetler.","`Alt` tuşuna basılırken kaydırma hızı çarpanı.","Düzenleyicide kod katlamanın etkin olup olmayacağını denetler.","Varsa dile özgü bir katlama stratejisi; aksi takdirde girinti tabanlı bir katlama stratejisi kullan.","Girinti tabanlı katlama stratejisini kullan.","Katlama aralıklarını hesaplama stratejisini denetler.","Düzenleyicinin katlanmış aralıkları vurgulayıp vurgulamayacağını denetler.","Katlanmış bir satırdan sonraki boş içeriğe tıklamanın katlamayı açıp açmayacağını denetler.","Yazı tipi ailesini denetler.","Düzenleyicinin yapıştırılan içeriği otomatik olarak biçimlendirip biçimlendirmeyeceğini denetler. Bir biçimlendirici kullanılabilir olmalı ve belgedeki bir aralığı biçimlendirebilmelidir.","Düzenleyicinin yazıldıktan sonra satırı otomatik olarak biçimlendirip biçimlendirmeyeceğini denetler.","Düzenleyicinin dikey karakter kenar boşluğunu işlemesi gerekip gerekmediğini denetler. Karakter kenar boşluğu çoğunlukla hata ayıklama için kullanılır.","İmlecin genel bakış cetvelinde gizlenip gizlenmeyeceğini denetler.","Düzenleyicinin etkin girinti kılavuzunu vurgulayıp vurgulamayacağını denetler.","Piksel cinsinden harf aralığını denetler.","Düzenleyicide bağlı düzenlemenin etkin olup olmadığını denetler. İlgili semboller (ör. HTML etiketleri) düzenleme sırasında dile bağlı olarak güncelleştirilir.","Düzenleyicinin bağlantıları algılayıp tıklanabilir yapıp yapmayacağını denetler.","Eşleşen ayraçları vurgula.","Fare tekerleği kaydırma olaylarının 'deltaX' ve 'deltaY' değerleri üzerinde kullanılacak çarpan.","`Ctrl` tuşuna basarken fare tekerleği kullanıldığında düzenleyicinin yazı tipini yakınlaştırın.","Örtüşen birden çok imleci birleştirin.","Windows ve Linux'ta `Control`, macOS'te `Command` tuşuna eşlenir.","Windows ve Linux'ta `Alt`, macOS'te `Option` tuşuna eşlenir.","Fareyle birden çok imleç eklemek için kullanılan değiştirici. Tanıma Git ve Bağlantıyı Aç fare hareketleri, çok imleçli değiştirici ile çakışmayacak şekilde uyarlanır. [Daha fazla bilgi](https://code.visualstudio.com/docs/editor/codebasics#_multicursor-modifier).","Her imleç metnin tek bir satırını yapıştırır.","Her imleç metnin tamamını yapıştırır.","Yapıştırılan metnin satır sayısı imleç sayısıyla eşleştiğinde yapıştırmayı denetler.","Düzenleyicinin anlamsal sembol oluşumlarını vurgulayıp vurgulamayacağını denetler.","Genel bakış cetveli etrafına kenarlık çizilip çizilmeyeceğini denetler.","Göz atmayı açarken ağacı odakla","Göz atmayı açarken düzenleyiciyi odakla","Satır içi düzenleyicinin veya ağacın göz atma pencere öğesine odaklanıp odaklanmayacağını denetler.","Tanıma Git fare hareketinin her zaman göz atma pencere öğesini açıp açmayacağını denetler.","Sonrasında hızlı önerilerin gösterileceği milisaniye cinsinden gecikmeyi denetler.","Düzenleyicinin türe göre otomatik olarak yeniden adlandırıp adlandırmayacağını denetler.","Kullanım dışı, bunun yerine `editor.linkedEditing` kullanın.","Düzenleyicinin denetim karakterlerini işleyip işlemeyeceğini denetler.","Düzenleyicinin girinti kılavuzlarını işleyip işlemeyeceğini denetler.","Dosya yeni satır ile sona erdiğinde son satır numarasını işleyin.","Hem cilt payını hem de geçerli satırı vurgular.","Düzenleyicinin geçerli satır vurgulamasını nasıl işlemesi gerektiğini denetler.","Düzenleyicinin, geçerli satır vurgulamasını yalnızca düzenleyiciye odaklanıldığında mı işleyeceğini denetler","Sözcükler arasındaki tek boşluklar dışında boşluk karakterlerini işleyin.","Boşluk karakterlerini yalnızca seçili metinde işleyin.","Yalnızca sondaki boşluk karakterlerini işle","Düzenleyicinin boşluk karakterlerini nasıl işlemesi gerektiğini denetler.","Seçimlerin köşelerinin yuvarlak olup olmayacağını denetler.","Sonrasında düzenleyicinin yatay olarak kaydırılacağı fazladan karakter sayısını denetler.","Düzenleyicinin ekranı son satırın ötesine kaydırıp kaydırmayacağını denetler.","Aynı anda hem dikey hem de yatay kaydırma sırasında yalnızca hakim olan eksen boyunca kaydırın. Bir dokunmatik yüzey üzerinde dikey kaydırma sırasında yatay dışa kaymayı engeller.","Linux birincil panosunun desteklenip desteklenmeyeceğini denetler.","Düzenleyicinin seçime benzer eşleşmeleri vurgulayıp vurgulamayacağını denetler.","Her zaman katlama denetimlerini göster.","Katlama denetimlerini yalnızca fare cilt payı üzerindeyken göster.","Cilt paylarında katlama denetimlerinin ne zaman gösterileceğini denetler.","Kullanılmayan kodun soluklaştırılmasını denetler.","Üzeri çizili kullanım dışı değişkenleri denetler.","Kod parçacığı önerilerini diğer önerilerin üstünde göster.","Kod parçacığı önerilerini diğer önerilerin altında göster.","Kod parçacığı önerilerini diğer önerilerle göster.","Parçacık önerilerini gösterme.","Kod parçacıklarının başka öneriler ile birlikte mi gösterileceğini ve nasıl sıralanacağını denetler.","Düzenleyicinin bir animasyon kullanılarak mı kaydırılacağını denetler.","Önerilen pencere öğesi için yazı tipi boyutu. '0' olarak ayarlandığında '#editor.fontSize#' değeri kullanılır.","Öneri pencere öğesi için satır yüksekliği. `0` olarak ayarlandığında `#editor.lineHeight#` değeri kullanılır. En küçük değer 8'dir.","Tetikleyici karakterleri yazılırken önerilerin otomatik olarak gösterilip gösterilmeyeceğini denetler.","Her zaman ilk öneriyi seç.","Yazma sürdürüldüğünde başka öneri seçilmedikçe son öneriyi seç; örneğin, en son `log` tamamlanırsa `console.| -> console.log` olur.","Önerileri, bunları tamamlayan önceki ön eklere göre seç; örneğin, `co -> console` ve `con -> const`.","Öneri listesi gösterilirken önerilerin önceden nasıl seçileceğini denetler.","Sekmeyle tamamlama, sekme tuşuna basıldığında en iyi eşleşen öneriyi ekler.","Sekmeyle tamamlamaları devre dışı bırak.","Ön eki eşleştiğinde kod parçacığını sekmeyle tamamla. 'quickSuggestions' etkinleştirilmediğinde en iyi sonucu verir.","Sekmeyle tamamlamaları etkinleştirir.","Olağan dışı satır sonlandırıcılar otomatik olarak kaldırılır.","Olağan dışı satır sonlandırıcılar yoksayılır.","Olağan dışı satır sonlandırıcıların kaldırılması sorulur.","Soruna neden olabilecek olağan dışı satır sonlandırıcıları kaldır.","Boşluk ekleme ve silme sekme duraklarını izler.","Sözcüklerle ilgili gezintiler veya işlemler yapılırken sözcük ayracı olarak kullanılacak karakterler.","Satırlar hiçbir zaman kaydırılmaz.","Satırlar görünüm penceresinin genişliğinde kaydırılır.","Satırlar `#editor.wordWrapColumn#` konumunda kaydırılır.","Satırlar görünüm penceresi ile `#editor.wordWrapColumn#` değerlerinin daha küçük olanında kaydırılır.","Satırların nasıl kaydırılacağını denetler.","`#editor.wordWrap#` `wordWrapColumn` veya `bounded` olduğunda düzenleyicinin kaydırma sütununu denetler.","Girinti yok. Kaydırılan satırlar 1. sütundan başlar.","Kaydırılan satırlar üst öğeyle aynı girintiyi alır.","Kaydırılan satırlar üst öğeye doğru +1 girinti alır.","Kaydırılan satırlar üst öğeye doğru +2 girinti alır.","Kaydırılan çizgilerin girintisini denetler.","Tüm karakterlerin aynı genişlikte olduğunu varsayar. Bu, tek aralıklı yazı tiplerinde ve karakterlerin eşit genişlikte olduğu belirli betiklerde (Latince karakterler gibi) doğru şekilde çalışan hızlı bir algoritmadır.","Kaydırma noktaları hesaplamasını tarayıcıya devreder. Bu yavaş bir algoritmadır ve büyük dosyaların donmasına neden olabilir, ancak tüm durumlarda doğru şekilde çalışır.","Kaydırma noktalarını hesaplayan algoritmayı denetler."],"vs/platform/configuration/common/configurationRegistry":["Varsayılan Dil Yapılandırması Geçersiz Kılmaları","{0} dili için geçersiz kılınacak ayarları yapılandırın.","Bir dil için geçersiz kılınacak düzenleyici ayarlarını yapılandırın.","Bu ayar, dile özel yapılandırmayı desteklemez.","Boş bir özellik kaydedilemez","'{0}' kaydedilemiyor. Bu, dile özgü düzenleyici ayarlarını açıklayan '\\\\[.* \\\\]$' özellik deseniyle eşleşiyor. 'configurationDefaults' katkısını kullanın.","'{0}' kaydedilemiyor. Bu özellik zaten kayıtlı."],"vs/platform/extensionManagement/common/extensionManagement":["Uzantılar","Tercihler"],"vs/platform/files/common/files":["Bilinmeyen Hata","{0} Bayt","{0} KB","{0} MB","{0} GB","{0} TB"],"vs/platform/markers/common/markers":["Hata","Uyarı","Bilgi"],"vs/platform/theme/common/iconRegistry":["Kullanılacak yazı tipinin kimliği. Ayarlanmamışsa, ilk olarak tanımlanan yazı tipi kullanılır.","Simge tanımıyla ilişkilendirilen yazı tipi karakteri.","Pencere öğelerindeki kapatma eylemi için simge.","Önceki düzenleyici konumuna git simgesi.","Sonraki düzenleyici konumuna git simgesi."],"vs/platform/workspaces/common/workspaces":["Kod Çalışma Alanı"],"vs/workbench/api/common/extHost.api.impl":["{0} (Uzantı)"],"vs/workbench/api/common/extHostDiagnostics":["Diğer {0} hata ve uyarı gösterilmiyor."],"vs/workbench/api/common/extHostExtensionActivator":["'{0}' uzantısı, etkinleştirilemeyen '{1}' uzantısına bağımlı olduğundan etkinleştirilemiyor.","'{0}' uzantısı etkinleştirilemedi: {1}."],"vs/workbench/api/common/extHostExtensionService":["{0} yolu geçerli bir uzantı test çalıştırıcısına işaret etmiyor."],"vs/workbench/api/common/extHostProgress":["{0} (Uzantı)"],"vs/workbench/api/common/extHostStatusBar":["Uzantı Durumu"],"vs/workbench/api/common/extHostTerminalService":["Uzantı konağında {0} kimliğine sahip terminal bulunamadı"],"vs/workbench/api/common/extHostTreeViews":["'{0}' kimliğine sahip ağaç görünümü yok.","'{0}' kimliğine sahip ağaç görünümü yok.","'{0}' kimliğine sahip ağaç görünümü yok.","'{0}' kimliğine sahip ağaç görünümü yok.","'{0}' kimliğine sahip ağaç görünümü yok.","'{0}' kimliğine sahip ağaç görünümü yok.","{0} kimliğine sahip öğe zaten kayıtlı"],"vs/workbench/api/common/extHostWorkspace":["'{0}' uzantısı çalışma alanı klasörlerini güncelleştiremedi: {1}"],"vs/workbench/api/node/extHostDebugService":["hataları ayıklanan"],"vs/workbench/common/views":["Test görünümünün simgesini görüntüleyin.","Varsayılan görünüm simgesi.","'{0}' kimliğine sahip bir görünüm zaten kayıtlı"],"vs/workbench/contrib/debug/common/abstractDebugAdapter":["'{1}' için {0} ms'den sonra zaman aşımı"],"vs/workbench/contrib/debug/node/debugAdapter":["Hata ayıklama bağdaştırıcısı yürütülebilir dosyası ('{0}') yok.","'{0}' hata ayıklama bağdaştırıcısı için çalıştırılabilir dosya belirlenemiyor.","'{0}' konumundan hata ayıklama bağdaştırıcısı başlatılamadı.","Hata ayıklama bağdaştırıcısı başlatılamadı."],"vs/workbench/contrib/externalTerminal/node/externalTerminalService":["VS Code Konsolu","'{0}' betiği, {1} çıkış kodu ile başarısız oldu","'{0}' desteklenmiyor","Devam etmek için bir tuşa basın ...","'{0}', {1} çıkış kodu ile başarısız oldu","'{0}' terminal uygulaması bulunamıyor"],"vs/workbench/contrib/search/common/queryBuilder":["Adı {0} olan çalışma alanında klasör yok"],"vs/workbench/contrib/terminal/common/terminal":["Terminal","Terminal işlevselliğine katkıda bulunur.","Kullanıcının oluşturabileceği ek terminal türlerini tanımlar.","Kullanıcı bu tür bir terminal oluşturduğunda yürütülecek komut.","Bu terminal türü için başlık."],"vs/workbench/contrib/terminal/node/terminalProcess":["\"{0}\" başlangıç dizini (cwd) bir dizin değil","\"{0}\" başlangıç dizini (cwd) yok","\"{0}\" kabuk yürütülebilir dosyasının yolu bir symlink dosyası değil","\"{0}\" kabuk yürütülebilir dosyasının yolu yok"],"vs/workbench/services/configurationResolver/common/variableResolver":["{0} değişkeni çözümlenemiyor. Lütfen bir düzenleyici açın.","{0} değişkeni: '{1}' çalışma alanı klasörü bulunamıyor.","{0} değişkeni çözümlenemiyor. Böyle bir '{1}' klasörü yok.","{0} değişkeni, çok klasörlü bir çalışma alanında çözümlenemiyor. Bu değişkenin kapsamını ':' ve bir çalışma alanı klasör adı kullanarak belirtin.","{0} değişkeni çözümlenemiyor. Lütfen bir klasör açın.","Ortam değişkeni adı verilmediğinden {0} değişkeni çözümlenemiyor.","'{1}' ayarı bulunamadığından {0} değişkeni çözümlenemiyor.","'{1}' yapılandırılmış bir değer olduğundan {0} değişkeni çözümlenemiyor.","Ayar adı verilmediğinden {0} değişkeni çözümlenemiyor.","{0} değişkeni çözümlenemiyor. Etkin düzenleyicide bir satırın seçili olduğundan emin olun.","{0} değişkeni çözümlenemiyor. Etkin düzenleyicide seçili metin olduğundan emin olun.","Komutun değeri olmadığından {0} değişkeni çözümlenemiyor."]}